{"type":"Feature","properties":{"family":"other","name":"Finnic peoples, 789 – 854"},"geometry":{"type":"Polygon","coordinates":[[[20.635591,60.8410436],[20.6551156,60.787453],[20.6964049,60.7368917],[20.711536,60.7256784],[20.6804787,60.6837065],[20.6643433,60.6323659],[20.6643868,60.6318545],[20.761915,60.6369252],[20.8739367,60.6313555],[20.9812065,60.6146342],[21.0791369,60.5874785],[21.163567,60.5510507],[21.177642,60.5435743],[21.1776429,60.5435738],[21.1776432,60.5435737],[21.1952594,60.4942293],[21.1979342,60.4894168],[21.2023797,60.4849323],[21.2084416,60.4809308],[21.2159104,60.4775502],[21.2245279,60.4749073],[21.2910819,60.4584798],[21.2910819,60.4584798],[21.3072643,60.4414118],[21.3224822,60.4095053],[21.319353,60.4090646],[21.3100245,60.4067321],[21.2668073,60.3932135],[21.2582473,60.3899019],[21.2511892,60.3858227],[21.2459132,60.381138],[21.242628,60.3760341],[21.2414632,60.3707137],[21.242464,60.3653881],[21.2455896,60.3602687],[21.2507151,60.3555586],[21.2576364,60.3514444],[21.2660786,60.3480894],[21.3236546,60.3295279],[21.3331683,60.3270811],[21.3434752,60.3256025],[21.3541755,60.3251493],[21.364854,60.3257394],[21.3750965,60.3273496],[21.3781076,60.3281714],[21.3781076,60.3281714],[21.3816012,60.329125],[21.3816013,60.3291246],[21.3816017,60.3291233],[21.3960153,60.2845891],[21.3931799,60.2343021],[21.3920368,60.2316965],[21.3920368,60.2316965],[21.3822893,60.2346866],[21.3720918,60.237119],[21.361088,60.2384503],[21.349758,60.2386223],[21.3385964,60.2376275],[21.3280902,60.2355093],[21.2452484,60.2135409],[21.236315,60.2105701],[21.2287371,60.206788],[21.2228121,60.2023433],[21.2187717,60.1974105],[21.2167738,60.1921832],[21.2168957,60.1868665],[21.2191316,60.181669],[21.2233929,60.1767944],[21.2295117,60.1724336],[21.2372479,60.1687575],[21.246298,60.16591],[21.3506708,60.1398042],[21.3656394,60.1336278],[21.4325632,60.0925207],[21.4819401,60.0456752],[21.5119262,59.994915],[21.5214503,59.9422076],[21.521093,59.9202583],[21.5106961,59.8696139],[21.4930733,59.8400997],[21.4930593,59.8400764],[21.4930549,59.8400689],[21.5003861,59.8393043],[21.6071935,59.8335625],[21.7142274,59.8384983],[21.8172971,59.8539201],[21.8902253,59.8733437],[21.8994987,59.8753947],[21.9008364,59.875287],[21.9287851,59.8478754],[21.9933604,59.8067818],[22.0725054,59.7727186],[22.1632295,59.7469569],[22.2621357,59.7304558],[22.3655421,59.7238293],[22.39978,59.7249886],[22.4069302,59.7125646],[22.4545195,59.6661771],[22.5189397,59.6252966],[22.5977347,59.5914465],[22.6879404,59.5658848],[22.7861938,59.5495591],[22.8888528,59.5430743],[22.9921225,59.5466712],[23.3350725,59.5751076],[23.4339512,59.5881296],[23.5262519,59.6103607],[23.6086355,59.6410019],[23.6780975,59.678949],[23.6894733,59.6882079],[23.7951042,59.6880904],[23.9159946,59.6948083],[24.0309258,59.7149915],[24.0377947,59.7171691],[24.006825,59.6810173],[24.0065603,59.6805999],[23.9795985,59.6704989],[23.9321987,59.6445197],[23.9194909,59.6408499],[23.8331231,59.6288087],[23.7420621,59.605962],[23.6613482,59.5747818],[23.5979736,59.5387253],[23.5917312,59.5379989],[23.4968712,59.5164457],[23.4914505,59.5144955],[23.4007485,59.4963234],[23.2270857,59.4503884],[23.1340842,59.4189192],[23.0562736,59.3782481],[22.9970973,59.3302093],[22.9774397,59.3026633],[22.9675855,59.3068813],[22.8820903,59.331316],[22.7890286,59.3472027],[22.6916806,59.353981],[22.6118459,59.3556743],[22.5144782,59.3531054],[22.4196864,59.3414366],[22.3307589,59.3210746],[22.2507661,59.2927269],[22.1824495,59.257376],[22.1406971,59.2257723],[22.0092001,59.219606],[21.9068359,59.2094321],[21.8104336,59.1891147],[21.723833,59.1594681],[21.6504576,59.1216765],[21.5931755,59.0772444],[21.5541883,59.0279334],[21.5349513,58.9756902],[21.536128,58.9225674],[21.5575785,58.8706426],[21.5983791,58.8219368],[21.6568714,58.7783379],[21.6804926,58.7665807],[21.6311039,58.7584273],[21.5443286,58.7339234],[21.468155,58.7013508],[21.4053453,58.6619073],[21.3581481,58.6170377],[21.3282199,58.5683794],[21.3165724,58.5177002],[21.3235462,58.4668334],[21.3488099,58.4176105],[21.3701978,58.3946129],[21.3692965,58.3929581],[21.3461402,58.3593078],[21.3311667,58.3075403],[21.3356498,58.2552838],[21.3593339,58.2045191],[21.4012452,58.1571618],[21.4597401,58.1149916],[21.5001953,58.0953415],[21.467802,58.0470019],[21.4539447,57.9915402],[21.4621144,57.9358228],[21.491856,57.882259],[21.5370892,57.8238602],[21.5371036,57.8238624],[21.6395871,57.8399099],[21.8381495,57.8586025],[21.9783968,57.8956357],[21.9783987,57.8956362],[21.9788617,57.8953196],[21.985771,57.8920583],[21.985771,57.8920583],[21.9936913,57.889521],[22.0023578,57.8877924],[22.0114807,57.8869303],[22.0207553,57.8869635],[22.0531314,57.8886505],[22.0642796,57.88991],[22.0746292,57.8924541],[22.0836586,57.8961547],[22.1934956,57.9524339],[22.1934956,57.9524339],[22.2384604,57.9754734],[22.1934956,57.9524339],[22.1935001,57.9524351],[22.1935141,57.9524388],[22.3758603,58.0005885],[22.3758603,58.0005885],[22.4740221,58.0198012],[22.577588,58.0278912],[22.6820887,58.0245092],[22.7830118,58.009801],[22.8760093,57.9844012],[22.9570955,57.9494038],[23.0228247,57.9063126],[23.0704401,57.8569733],[23.0979867,57.8034913],[23.1043834,57.7481392],[23.1035115,57.7369122],[23.4560433,57.5742833],[23.5022513,57.5479878],[23.5022672,57.5479787],[23.5053205,57.5486511],[23.5896935,57.5788926],[23.6612306,57.6175082],[23.7170168,57.6629511],[23.7547425,57.713394],[23.7728037,57.7668],[23.7703778,57.8210028],[23.7635741,57.8497439],[23.7582643,57.862343],[23.7653637,57.8605293],[23.8027369,57.8554274],[23.8027375,57.8554339],[23.8027394,57.8554541],[23.8063625,57.8946462],[23.8224674,57.9499869],[23.8598251,58.0023623],[23.9169016,58.0494986],[23.9788276,58.0826707],[23.9788309,58.0826725],[23.978831,58.0826725],[23.9951097,58.0813249],[24.0053126,58.0810246],[24.0154324,58.0818032],[24.0250631,58.0836294],[24.0338182,58.08643],[24.0413461,58.0900926],[24.0473441,58.0944702],[24.0515707,58.099387],[24.0538555,58.1046456],[24.0555405,58.1117152],[24.064721,58.1502338],[24.0555405,58.1117152],[24.0555405,58.1117152],[24.0555423,58.1117159],[24.0555481,58.1117179],[24.0797582,58.1201473],[24.1784844,58.1405654],[24.2831315,58.1496981],[24.4162129,58.1534988],[24.4162174,58.153499],[24.4162189,58.153499],[24.4134105,58.0810472],[24.35753,58.0387701],[24.3536297,58.0352844],[24.3507615,58.0315312],[24.2651737,57.8891528],[24.2652028,57.8891885],[24.2687619,57.893546],[24.2745776,57.8979687],[24.2819338,57.9016875],[24.2905364,57.9045533],[24.3000409,57.9064512],[24.3100663,57.9073053],[24.3296013,57.9078635],[24.3130374,57.8803725],[24.3130374,57.8803725],[24.3130375,57.8803725],[24.3130375,57.8803725],[24.5333333,57.8866667],[24.7666667,57.8933333],[25,57.9],[25.8,57.85],[26.0333333,57.7666667],[26.2666667,57.6833333],[26.5,57.6],[26.7333333,57.5833333],[26.9666667,57.5666667],[27.2,57.55],[27.5,57.55],[27.55,57.725],[27.6,57.9],[27.55,58.1],[27.5,58.3],[27.5333333,58.5],[27.55,58.6],[27.5666667,58.7],[27.6,58.9],[27.7666667,59],[27.85,59.05],[27.9333333,59.1],[28.1,59.2],[28.3,59.15],[28.3,59.15],[28.4764706,59.1058824],[28.5,59.1],[29.5,59],[30.1,59.18],[30.3,59.24],[30.5,59.3],[30.95,59.45],[31.175,59.525],[31.4,59.6],[31.5666667,59.7333333],[31.65,59.8],[31.7333333,59.8666667],[31.9,60],[32.0666667,60.1],[32.15,60.15],[32.2333333,60.2],[32.4,60.3],[32.8,60.3],[32.975,60.2],[33.15,60.1],[33.325,60],[33.5,59.9],[33.7,59.8],[33.9,59.7],[33.9142857,59.6928571],[34.1,59.6],[34.5,59.4],[35.1,59.04],[35.3,58.92],[35.5,58.8],[35.6666667,58.6666667],[35.75,58.6],[35.8333333,58.5333333],[36,58.4],[36.1666667,58.2666667],[36.25,58.2],[36.3333333,58.1333333],[36.5,58],[36.75,57.6],[36.875,57.4],[37,57.2],[37.125,57.025],[37.25,56.85],[37.5,56.5],[38.3571429,55.9],[38.5,55.8],[38.6666667,55.6666667],[38.75,55.6],[38.8333333,55.5333333],[39,55.4],[39.1666667,55.2666667],[39.25,55.2],[39.3333333,55.1333333],[39.5,55],[40.2,54.2],[40.26,54],[40.2857143,53.9142857],[40.2857143,53.9142857],[40.2857143,53.9142857],[40.32,53.8],[40.32,53.8],[40.38,53.6],[40.44,53.4],[40.5,53.2],[40.5,52.6],[40.5,51.0285714],[40.5,51.0285714],[40.5333333,51.0333333],[40.7666667,51.0666667],[41,51.1],[41.4444444,51.1444444],[41.6666667,51.1666667],[42,51.2],[42.3333333,51.2333333],[42.5555556,51.2555556],[43,51.3],[43.4444444,51.3222222],[43.6666667,51.3333333],[43.8888889,51.3444444],[44.1111111,51.3555556],[44.3333333,51.3666667],[44.5555556,51.3777778],[45,51.4],[46.125,51.525],[46.35,51.55],[46.575,51.575],[46.8,51.6],[47.0428571,51.6571429],[47.2857143,51.7142857],[47.5285714,51.7714286],[47.7714286,51.8285714],[48.0142857,51.8857143],[48.2571429,51.9428571],[48.5,52],[48.9444444,51.9555556],[49.1666667,51.9333333],[49.8333333,51.8666667],[50.0555556,51.8444444],[50.2105263,51.8289473],[50.2222222,51.8333333],[50.4444444,51.9166667],[50.6666667,52],[50.8888889,52.0833333],[51.1111111,52.1666667],[51.3333333,52.25],[51.5555556,52.3333333],[51.7777778,52.4166667],[52,52.5],[54,54.5],[54.2333333,54.5666667],[54.4666667,54.6333333],[54.7,54.7],[54.9333333,54.7666667],[55.1666667,54.8333333],[55.4,54.9],[55.6333333,54.9666667],[55.8666667,55.0333333],[56.1,55.1],[56.3333333,55.1666667],[56.5666667,55.2333333],[56.8,55.3],[57.0333333,55.3666667],[57.2666667,55.4333333],[57.5,55.5],[57.7391304,55.5434783],[57.9782609,55.5869565],[58.4565217,55.673913],[58.6956522,55.7173913],[58.9347826,55.7608696],[59.173913,55.8043478],[59.4130435,55.8478261],[59.6521739,55.8913043],[59.8913043,55.9347826],[59.8913043,55.9347826],[60.1304348,55.9782609],[60.3695652,56.0217391],[60.6086957,56.0652174],[60.6086957,56.0652174],[60.8478261,56.1086957],[61.0869565,56.1521739],[61.326087,56.1956522],[61.5652174,56.2391304],[61.8043478,56.2826087],[62.0434783,56.326087],[62.5217391,56.4130435],[62.7608696,56.4565217],[63,56.5],[63,56.5266095],[63,56.5266095],[63,56.5268152],[63,56.5268152],[63,56.5268291],[63,56.5268291],[63.0067132,56.5267112],[63.0164092,56.5254133],[63.0254148,56.5230476],[63.0333512,56.5197135],[63.0398849,56.5155513],[63.0447415,56.510736],[63.0477177,56.50547],[63.048689,56.4999746],[63.0486887,56.4996045],[63.0487716,56.5001673],[63.0493553,56.7674141],[63.0493553,56.7674141],[63.0493572,56.767414],[63.0675975,56.7670923],[63.1651022,56.7540327],[63.255538,56.7302441],[63.3350545,56.6967438],[63.4002913,56.6549611],[63.4485235,56.6066729],[63.4777725,56.553926],[63.4868814,56.4989476],[63.4868462,56.4952218],[63.4877281,56.5007696],[63.7761243,69.7051354],[63.763773,69.7601147],[63.7189409,69.8129798],[63.6433085,69.8614749],[63.5399274,69.903516],[63.413117,69.937284],[63.2682925,69.9613092],[63.1117267,69.9745405],[61.9599389,70.0254627],[61.1921047,70.1204782],[61.0263776,70.1338312],[61.0249779,70.1338385],[60.9363045,70.1659943],[60.8166153,70.1954652],[60.7996295,70.1981655],[60.6878666,70.2530925],[60.5861659,70.2934979],[60.4623429,70.3262369],[60.26982,70.3671252],[60.2428469,70.3899953],[60.1639497,70.431827],[59.6590306,70.647969],[59.5489791,70.6859205],[59.4181129,70.7158941],[59.2715543,70.7366975],[59.115113,70.7474991],[58.9550371,70.7478652],[58.7977375,70.7377793],[58.6495026,70.7176432],[58.4352018,70.6797513],[58.4528266,70.7259786],[58.4416832,70.7783575],[58.3997058,70.8289524],[58.328288,70.875815],[58.1573122,70.9642326],[58.0498288,71.0082876],[57.9158833,71.0439144],[57.7614325,71.0694946],[57.5513182,71.0953813],[56.8839547,71.3770453],[56.838398,71.4459166],[56.7782902,71.5032529],[56.4795975,71.7048796],[56.3832575,71.8276345],[56.3705879,71.9143804],[56.346565,71.9661405],[56.2904845,72.0154002],[56.2356333,72.043972],[56.2330617,72.0528881],[56.1871403,72.1020703],[56.1114393,72.1475902],[56.0085523,72.1877656],[55.8821468,72.2211013],[55.736843,72.2463494],[55.5780415,72.2625594],[55.4914079,72.2659757],[55.4914104,72.2659749],[55.4914183,72.2659724],[55.5107551,72.2598442],[55.5755558,72.1990554],[55.3415534,72.0656578],[55.4531545,72.0589035],[55.4104365,72.0250485],[55.4104364,72.0250483],[55.4104363,72.0250483],[55.4104363,72.0250483],[55.4104361,72.0250481],[55.3788306,72],[55.3788306,72],[55.3788306,72],[55.3788305,72],[51.5047118,72],[51.5047118,72],[51.5047118,72],[51.5047118,72],[51.4391144,71.9423916],[51.4202227,71.9042892],[51.4391144,71.9423916],[51.5353866,72.026939],[51.5353867,72.026939],[51.5353871,72.0269394],[51.6083161,72.0909864],[51.8675187,72.1585295],[52.0547205,72.1078722],[52.0655207,72.0741007],[52.1879219,72.1298237],[52.2095221,72.1281351],[52.198722,72.0825435],[52.3679237,72.0757892],[52.4111241,72.0859207],[52.3823238,72.1044951],[52.4111241,72.1281351],[52.3679237,72.1619067],[52.4903249,72.1635953],[52.400324,72.2226955],[52.4831248,72.2091868],[52.4651247,72.2311383],[52.4903249,72.244647],[52.4478393,72.2693193],[52.447832,72.2693236],[52.4478296,72.2693249],[51.4817638,72.2693922],[51.3189561,72.2631075],[51.1628591,72.2475811],[51.0190821,72.223372],[50.8927405,72.1913495],[50.7882601,72.152659],[50.7092182,72.1086773],[50.658227,72.0609598],[50.562077,71.9303164],[50.5423463,71.8530274],[50.5698857,71.7197193],[50.6131967,71.6506777],[50.688371,71.5802118],[50.6883118,71.538201],[50.725733,71.4825857],[50.798694,71.4307404],[50.9037291,71.3849404],[51.2104714,71.276158],[51.3326689,71.2402896],[51.4172964,71.2238775],[51.4179496,71.2229212],[51.4895093,71.1718848],[51.5918263,71.126749],[51.7203744,71.0894268],[52.0045735,71.0222409],[52.0282887,70.9949143],[52.1023975,70.9476369],[52.2031391,70.906041],[52.2114157,70.9037442],[52.2490495,70.8641532],[52.3230451,70.8188991],[52.4215327,70.7790975],[52.5408721,70.7461666],[52.5793993,70.7391239],[52.581453,70.7375209],[52.6748391,70.6926806],[52.7932538,70.6549686],[53.0299864,70.5931257],[53.1659332,70.5641976],[53.3162439,70.5447759],[53.4750897,70.5356093],[53.5365212,70.5361742],[53.5852694,70.5319025],[53.6182194,70.5225612],[53.7536739,70.4971838],[53.9010568,70.4808981],[54.0753498,70.4675692],[54.1618482,70.4639427],[54.2578738,70.4380114],[54.3862964,70.409572],[54.4803651,70.3965177],[54.6089625,70.35622],[54.7393833,70.3229013],[54.8870216,70.2991853],[55.0458173,70.2860371],[55.2093068,70.2839898],[55.3708587,70.2931249],[55.5239121,70.3130697],[55.6486806,70.34009],[55.8490197,70.3235199],[56.0094214,70.3158087],[56.0743058,70.317125],[56.1390217,70.305768],[56.2944765,70.285059],[56.4593035,70.2756432],[56.6264985,70.2779189],[56.6545512,70.2803251],[56.7427963,70.2703205],[57.0167435,70.2486618],[57.1686734,70.2416106],[57.3219514,70.2444368],[57.4710897,70.2570374],[57.6107325,70.2789591],[57.6219155,70.2816886],[57.6165153,70.2511535],[57.6361608,70.2005265],[57.6640931,70.1720379],[57.6662384,70.1564393],[57.7024675,70.1060923],[57.7662511,70.0590866],[57.7867242,70.0494378],[57.7868767,70.0463828],[57.8220084,69.992979],[57.887853,69.9431614],[58.01553,69.8676367],[58.0799304,69.8351116],[58.4020119,69.6943441],[58.5129889,69.6545999],[58.6448435,69.6235714],[58.7596084,69.6071886],[58.747942,69.6074808],[58.6023882,69.6013999],[58.4627706,69.5857494],[58.3342746,69.561111],[58.2216316,69.528399],[58.1289335,69.4888233],[58.0594805,69.4438413],[58.0156687,69.3951004],[57.9989194,69.3443748],[58.0096513,69.2934989],[58.0472921,69.2442999],[58.1103252,69.1985333],[58.1537141,69.1780265],[57.9735297,69.1476386],[57.9358292,69.1445141],[57.8036951,69.1234439],[57.5861079,69.0790974],[57.4606085,69.0468117],[57.3564211,69.0060323],[57.3324437,68.9915472],[57.2667665,68.9823164],[57.1421924,68.9535547],[57.0359951,68.9165424],[56.9672372,68.8805811],[56.8698678,68.8964042],[56.7289347,68.9081505],[56.5841728,68.9097746],[56.4744942,68.903217],[56.2529185,68.9172192],[56.2464003,68.9574378],[56.2101487,69.0078202],[56.1472545,69.0546944],[56.0599483,69.0962788],[55.9514409,69.1309834],[55.8140364,69.1667909],[55.6811943,69.1942999],[55.5350641,69.2115429],[55.3818748,69.217781],[55.2281894,69.2127454],[55.1665749,69.2060442],[55.1107602,69.222563],[55.1002578,69.2250374],[55.0604029,69.2344272],[54.9232478,69.2598725],[54.7740191,69.2747678],[54.6191364,69.2784694],[54.4652894,69.270816],[54.4515709,69.2690694],[54.1114053,69.2702341],[53.9846889,69.2667395],[53.8614005,69.2557305],[53.1885888,69.1720952],[53.0067252,69.1384753],[51.8924324,68.8503919],[51.7652798,68.8075121],[51.7631061,68.8063281],[51.4871664,68.7501292],[51.3570697,68.7622801],[51.2164253,68.7701848],[51.0741178,68.7680952],[50.9355565,68.75609],[50.8059946,68.7346241],[50.690311,68.7045099],[50.3648653,68.6002969],[50.336298,68.5937097],[50.236845,68.559994],[49.6943959,68.3354062],[49.6811631,68.3337801],[49.5560539,68.3073089],[48.9904051,68.1561396],[48.8750926,68.1806516],[48.7355782,68.1974783],[48.5896478,68.2033701],[48.4434888,68.1980767],[48.3032995,68.1818217],[48.1750009,68.155293],[48.0639653,68.1196103],[47.9747779,68.0762745],[47.9110443,68.0270996],[47.8752528,67.9741324],[47.8686936,67.9195637],[47.8721402,67.9114059],[47.7868266,67.9019095],[47.6645509,67.8778085],[47.458208,67.8266803],[47.4133182,67.8129012],[47.4231866,67.8480133],[47.4206456,67.912949],[47.3768471,67.9757425],[47.2715723,68.0749666],[47.2679475,68.1112284],[47.2583767,68.1375549],[47.2586239,68.1387106],[47.2440537,68.1888709],[47.2045242,68.2371206],[47.1412831,68.2817545],[47.0564494,68.3211858],[46.6911712,68.4601241],[46.6584773,68.5109792],[46.6061865,68.565237],[46.523339,68.6141403],[46.4135959,68.655421],[46.2819469,68.6871533],[45.9155102,68.7554027],[45.7811743,68.7744287],[45.6390658,68.7835532],[44.1705091,68.8183278],[43.6330194,68.9109027],[43.5028141,68.9278641],[43.3660362,68.9357746],[43.2275331,68.9343535],[43.09222,68.9236512],[42.9648872,68.9040469],[42.9213633,68.895517],[42.8070691,68.8678176],[42.7090786,68.8329537],[42.6307212,68.7921388],[42.5745993,68.7467862],[42.5425089,68.698458],[42.5353938,68.6488085],[42.553334,68.5995268],[42.595565,68.552279],[42.6470312,68.5085739],[42.7221763,68.4593706],[42.8231563,68.416942],[43.4827568,68.1882448],[43.4686982,68.0935171],[43.4305952,68.0426265],[43.4199129,67.9895885],[43.4217242,67.9840456],[43.4154504,67.9742024],[43.3884163,67.9424077],[43.3727062,67.8894237],[43.3849332,67.8363146],[43.3997907,67.806363],[43.3872521,67.7898023],[43.3822118,67.7794211],[43.3732516,67.7723525],[43.3381827,67.7174048],[43.3104678,67.6380654],[43.128782,67.4286289],[43.0964098,67.3688586],[43.06745,67.2471502],[43.0674642,67.1978109],[43.09058,67.1492985],[43.1358953,67.1032261],[43.201793,67.0611171],[43.2860072,67.0243566],[43.385707,66.994148],[43.7264198,66.9083504],[43.7463229,66.8962019],[43.7370339,66.8896182],[43.6956652,66.8377703],[43.6816273,66.7837142],[43.6953146,66.7296497],[43.7343025,66.67993],[43.7184068,66.6507631],[43.7154577,66.6394497],[43.6080304,66.6667112],[43.4831015,66.6859128],[43.3595084,66.6943513],[43.3436352,66.7443276],[43.3091232,66.8035716],[43.2692544,66.851053],[43.2076242,66.8947965],[43.1262752,66.9332755],[43.0279765,66.9651405],[42.8868837,67.0026206],[42.772549,67.0270195],[42.6483453,67.0424869],[42.5188242,67.0484542],[42.3887507,67.0447019],[42.2629123,67.0313681],[42.145926,67.0089429],[42.042055,66.9782488],[42.0416262,66.9780945],[41.966351,66.9510171],[41.875092,66.9107427],[41.8063252,66.8641194],[41.7627062,66.8130376],[41.7458355,66.759556],[41.7489607,66.7434033],[41.7462725,66.7427547],[41.6464775,66.7060498],[41.5674058,66.6621816],[41.115112,66.3439168],[40.9924555,66.2991372],[40.4837047,66.2251622],[40.3499549,66.1981715],[40.2347675,66.1597523],[40.1439558,66.1118747],[39.9619561,65.9886977],[39.7828863,65.9238479],[39.3154749,65.7545757],[39.2205081,65.7110879],[39.1508495,65.6601631],[39.1096652,65.6042291],[39.0720015,65.5213326],[39.0611031,65.4791836],[39.0662476,65.4368427],[39.1013441,65.3238523],[39.1293234,65.2728278],[39.1801707,65.2250045],[39.5550107,64.9443809],[39.5614887,64.9404331],[39.5158204,64.9158025],[39.5148609,64.9150076],[39.5082011,64.9133645],[39.4871788,64.9069278],[38.8129247,65.0433725],[38.7782126,65.0575341],[38.6702719,65.0865252],[38.5506318,65.1057927],[38.4241916,65.1145448],[38.2863125,65.1180738],[38.2570481,65.1459925],[38.2040022,65.1866075],[38.1350266,65.2227878],[38.0521333,65.2534468],[37.9577783,65.2776606],[37.2871309,65.4156549],[37.1720803,65.4335186],[37.0509202,65.4419472],[36.9281224,65.4406297],[36.808224,65.4296154],[36.6194087,65.4040388],[36.5389623,65.3893828],[36.4342192,65.4106056],[36.2127918,65.4446898],[36.0871711,65.4581144],[35.9576107,65.4607861],[35.8294405,65.4525958],[35.7079274,65.4338807],[35.696886,65.4310199],[35.5980414,65.4054097],[35.5042377,65.3683488],[35.4302682,65.3242102],[35.3804085,65.2868803],[35.329529,65.2376981],[35.3278694,65.2344186],[35.3165817,65.2297028],[35.2488455,65.1880702],[35.173464,65.130634],[35.1214595,65.0785375],[35.0965374,65.023003],[35.0996304,64.9664843],[35.1110164,64.9290206],[35.1393782,64.8769181],[35.1912392,64.8281873],[35.2644671,64.7847206],[35.3561392,64.7481977],[35.4626638,64.7200242],[35.5799188,64.7012808],[35.6280359,64.6979314],[35.7034036,64.6926851],[35.8283995,64.6945659],[35.9214062,64.7039623],[35.9392884,64.6688034],[35.895746,64.6719727],[35.7682843,64.670037],[35.7566353,64.6688211],[35.7099965,64.6751892],[35.6207102,64.6793431],[35.5852393,64.6809934],[35.4603092,64.676014],[35.4305505,64.6721663],[35.3874526,64.6905545],[35.282471,64.7201793],[35.1656579,64.7402427],[35.0709955,64.7476419],[35.0709986,64.747635],[35.0714741,64.7465822],[35.0715075,64.7415336],[35.0693349,64.7365714],[35.0650336,64.7318695],[35.0587552,64.7275924],[35.0587552,64.7275924],[35.0507204,64.7238899],[35.0412109,64.7208915],[34.9231118,64.6904185],[35.0273711,64.6279281],[35.033742,64.6231231],[35.037693,64.6178631],[35.0390596,64.6123693],[35.0377859,64.6068721],[35.033927,64.6016023],[35.0276461,64.5967808],[35.0192077,64.5926097],[34.9091334,64.5481995],[35.03865,64.5177202],[35.0485243,64.5148314],[35.0569459,64.5111896],[35.0636092,64.5069272],[35.0682732,64.5021989],[35.0707695,64.4971766],[35.071009,64.4920423],[35.068984,64.4869822],[35.0647693,64.4821799],[35.0585187,64.4778091],[35.0522965,64.4742148],[35.0522965,64.4742148],[35.0522927,64.4742126],[35.0522926,64.4742126],[35.054268,64.4782952],[35.0543416,64.4836677],[35.0519401,64.4889409],[35.0471575,64.4939052],[35.0401827,64.4983633],[35.0312922,64.502138],[35.0208387,64.5050792],[35.0092381,64.5070697],[34.9969519,64.5080303],[34.9844691,64.5079228],[34.9722869,64.5067514],[34.9625117,64.5048743],[34.9625129,64.504874],[34.9625129,64.504874],[35,64.4960825],[35.0085501,64.4940773],[35,64.4873933],[34.9920163,64.4811522],[34.9545496,64.4518629],[34.9545495,64.4518629],[34.9920162,64.4811521],[34.9920163,64.4811522],[34.85,64.4],[34.5,64.2],[34.2857143,64.1428571],[34.0982143,64.0928571],[34.0714286,64.0857143],[34.0408164,64.077551],[33.8571429,64.0285714],[33.75,64],[33.6428571,63.9714286],[33.4591836,63.922449],[33.4285714,63.9142857],[33.4017857,63.9071429],[33.2142857,63.8571429],[33,63.8],[32.3571429,63.7571429],[32.25,63.75],[32.1428571,63.7428571],[31.5,63.7],[30.8571429,63.7428571],[30.75,63.75],[30.6428571,63.7571429],[30.2142857,63.7857143],[30.1798657,63.788009],[30.1798656,63.788009],[30.202502,63.7933177],[30.2309494,63.811888],[30.2309494,63.811888],[30.230951,63.811889],[30.230951,63.811889],[30.2309515,63.8118894],[30.2309515,63.8118894],[30.2309515,63.8118894],[30.230951,63.811889],[30.230951,63.811889],[30.2309494,63.811888],[30.2309494,63.811888],[30.202502,63.7933177],[30.1798656,63.788009],[30.1798655,63.788009],[30,63.8],[29.7857143,63.8428571],[29.6428572,63.8714286],[29.5714286,63.8857143],[29.4642857,63.9071429],[29.3571429,63.9285714],[29.25,63.95],[29.1428571,63.9714286],[29.0357142,63.9928572],[28.9285714,64.0142857],[28.8571429,64.0285714],[28.7142857,64.0571429],[28.5,64.1],[28.2857143,64.1714286],[28.1785714,64.2071429],[28.0714286,64.2428571],[27.857143,64.3142857],[27.8571429,64.3142857],[27.6904762,64.3698413],[27.6428571,64.3857143],[27.6428571,64.3857143],[27.6428571,64.3857143],[27.4285714,64.4571429],[27.3214285,64.4928572],[27.2142857,64.5285714],[27,64.6],[26.3571429,64.7928571],[26.25,64.825],[26.1428571,64.8571429],[25.5,65.05],[25.4046624,65.0480932],[25.4046623,65.0480932],[25.380362,65.0729005],[25.380362,65.0729005],[25.3803617,65.0729008],[25.3778317,65.0725299],[25.3672844,65.0699489],[25.3581025,65.0665709],[25.3506208,65.0625193],[25.3451117,65.0579421],[25.341775,65.0530063],[25.3407312,65.0478919],[25.3420171,65.0427854],[25.3455845,65.0378726],[25.3459739,65.0374761],[25.3459738,65.0374761],[25.3459369,65.037505],[25.3455708,65.0377917],[25.3074364,65.0766492],[25.1868285,65.09926],[25.1753996,65.1020196],[25.1655505,65.1057046],[25.1576976,65.1101595],[25.1521734,65.1151963],[25.1492127,65.1206023],[25.1489421,65.1261489],[25.1513746,65.1316017],[25.2195703,65.2278786],[25.2241437,65.2326152],[25.2307682,65.2369055],[25.2363519,65.2393471],[25.2255401,65.2471281],[25.220252,65.2519797],[25.2173453,65.2571721],[25.2169351,65.2625025],[25.2190388,65.2677627],[25.2449791,65.3076755],[25.2449794,65.3076759],[25.1981256,65.3018204],[25.1533123,65.3067508],[25.0228397,65.3097015],[25.0136496,65.3095168],[24.8945959,65.3071235],[24.8332195,65.3032697],[24.7725512,65.3046697],[24.5346854,65.2998878],[24.4115162,65.2922501],[24.2943495,65.2748018],[24.1876564,65.2482127],[24.0954746,65.2134995],[24.0212494,65.1719849],[23.9677036,65.1252429],[23.9367435,65.0750367],[23.9294013,65.0232498],[23.9458152,64.9718138],[23.9789449,64.930507],[23.9781946,64.9300019],[23.9725004,64.9261691],[23.9283536,64.8772531],[23.9111358,64.8344379],[23.8942345,64.823328],[23.8425522,64.7816481],[23.8089572,64.7367578],[23.7734403,64.668997],[23.5651878,64.5817582],[23.4776575,64.5355829],[23.41629,64.4822518],[23.3773778,64.4359716],[23.3702732,64.4327514],[23.1327939,64.2992817],[23.1044966,64.2942486],[23.0028563,64.2649055],[22.9167248,64.2274684],[22.8494314,64.1834162],[22.8035245,64.1344804],[22.7853922,64.0932917],[22.7043308,64.072159],[22.6076399,64.0323062],[22.5977352,64.0272205],[22.5941969,64.0264137],[22.5115194,64.0159699],[22.3951027,63.9953364],[22.2909531,63.9647322],[22.2034652,63.9254645],[22.1533885,63.8910007],[22.0955788,63.8626193],[22.0339223,63.8161262],[22.0075816,63.7818451],[22.0070806,63.7816005],[21.9772016,63.7587998],[21.8789414,63.7273845],[21.7963376,63.6874755],[21.7337458,63.6410476],[21.7227168,63.6270326],[21.7094779,63.6203434],[21.7004741,63.6185419],[21.6380571,63.5992816],[21.6094087,63.5904414],[21.5316336,63.5554227],[21.4697479,63.5146814],[21.4257818,63.4696027],[21.4129896,63.4522515],[21.3821769,63.4452565],[21.2836557,63.4171446],[21.199396,63.3810399],[21.1325711,63.3383291],[21.108948,63.3143214],[21.1089925,63.3143196],[21.1825943,63.3112685],[21.1776647,63.3139656],[21.1721143,63.3186293],[21.1721143,63.3186293],[21.1686968,63.3236906],[21.1675446,63.3289551],[21.1687033,63.3342202],[21.1721296,63.3392833],[21.1776928,63.3439495],[21.1851795,63.348039],[21.1943019,63.3513942],[21.3131545,63.3868827],[21.323498,63.3893495],[21.3347114,63.3908715],[21.3463692,63.3913909],[21.3580287,63.390888],[21.3692472,63.3893819],[21.3795988,63.3869299],[21.3886908,63.3836248],[21.3961788,63.3795923],[21.4017793,63.3749852],[21.4305315,63.3445793],[21.4338833,63.3398665],[21.4352591,63.3349574],[21.4346138,63.3300173],[21.4319699,63.3252125],[21.4274175,63.3207046],[21.3705543,63.2757634],[21.4283273,63.273043],[21.4400178,63.2719515],[21.4509921,63.2698379],[21.4608138,63.2667866],[21.4690926,63.2629187],[21.4755001,63.258388],[21.4797827,63.2533747],[21.4817713,63.2480778],[21.4826059,63.2425298],[21.4927904,63.2439307],[21.5038699,63.2444814],[21.5149822,63.2440971],[21.6458713,63.2338649],[21.6458747,63.2338647],[21.6458747,63.2338647],[21.6447058,63.2321981],[21.6405256,63.2319493],[21.6290946,63.2301682],[21.6186977,63.2273925],[21.6097601,63.2237359],[21.6026465,63.2193479],[21.5976469,63.214408],[21.5947126,63.2104852],[21.5947161,63.210485],[21.7260368,63.2002191],[21.7424173,63.1989385],[21.7424174,63.1989385],[21.7313684,63.1998022],[21.7190745,63.2007633],[21.6543664,63.2058218],[21.5681941,63.0909254],[21.5588156,63.0959353],[21.5732157,63.1229526],[21.531205,63.1255799],[21.531205,63.1255799],[21.5312014,63.1255801],[21.5116777,63.0994799],[21.5089978,63.0941094],[21.508806,63.0886057],[21.511109,63.0832],[21.5118543,63.0823944],[21.5082087,63.0813302],[21.5000055,63.0777721],[21.4934558,63.0735755],[21.4891662,63.0692639],[21.4891637,63.0692613],[21.4891764,63.0692692],[21.4891764,63.0692692],[21.4940149,63.0722952],[21.6092726,63.0452647],[21.6092726,63.0452647],[21.6092726,63.0452647],[21.5452156,63.0602875],[21.5452156,63.0602875],[21.5,63],[21.4285714,62.7857143],[21.3571429,62.5714286],[21.3333334,62.5000001],[21.2857143,62.3571429],[21.2836162,62.3508485],[21.3392134,62.3563385],[21.3378142,62.3494007],[21.3392134,62.3563385],[21.2708127,62.3495842],[21.2708127,62.4062191],[21.2708127,62.4103729],[21.2353445,62.382646],[21.2353406,62.3826429],[21.2261251,62.3548318],[21.2255353,62.3496616],[21.2271046,62.3445359],[21.2307738,62.3396454],[21.2364055,62.3351715],[21.2437899,62.3312806],[21.2526522,62.3281169],[21.2626633,62.3257978],[21.2708833,62.32474],[21.2708833,62.32474],[21.2708812,62.3247369],[21.2705676,62.3242483],[21.2653452,62.3196253],[21.2583081,62.315555],[21.24972,62.3121898],[21.2399023,62.3096552],[21.2292221,62.3080462],[21.2180785,62.3074226],[21.2068876,62.3078078],[21.1960674,62.3091875],[21.186022,62.31151],[21.177127,62.3146887],[21.1697152,62.3186047],[21.140901,62.337169],[21.1355343,62.3413842],[21.1318975,62.3459816],[21.1301113,62.3508097],[21.1302356,62.3557092],[21.1348886,62.3766537],[21.1348258,62.3766505],[21.1235938,62.3770782],[21.1127523,62.3785029],[21.1027081,62.380871],[21.093838,62.3840938],[21.0864753,62.3880503],[21.0808968,62.392592],[21.077313,62.3975486],[21.0758593,62.4027337],[21.0765917,62.4079526],[21.0920479,62.4517153],[21.079746,62.455558],[21.0710204,62.4588973],[21.0638555,62.4629548],[21.0585222,62.4675776],[21.0552228,62.4725913],[21.0540827,62.4778065],[21.0551463,62.4830263],[21.0583744,62.4880535],[21.0916049,62.5258154],[21.0743578,62.541961],[21.0703037,62.54694],[21.0684472,62.5521904],[21.0688616,62.5575079],[21.0715321,62.5626855],[21.0763557,62.5675216],[21.08056,62.5701882],[21.0754315,62.5695326],[21.0636515,62.5691595],[21.0519509,62.5698831],[21.0408052,62.5716741],[21.0306671,62.5744595],[21.0219488,62.5781264],[21.0150052,62.5825257],[21.0101194,62.5874784],[21.0074913,62.5927833],[21.0074913,62.5927833],[21.007229,62.5982244],[21.0214647,62.6809702],[21.0238368,62.68671],[21.0288455,62.6920819],[21.0362572,62.6968337],[21.0923635,62.7255811],[21.056687,62.773061],[21.0540634,62.7780394],[21.0535436,62.7831561],[21.0551475,62.7882264],[21.0588183,62.7930675],[21.0644244,62.7975046],[21.0717641,62.8013773],[21.080573,62.8045457],[21.0905329,62.8068954],[21.1012841,62.8083413],[21.1124377,62.8088311],[21.140514,62.8088357],[21.1853796,62.8773864],[21.1895543,62.882087],[21.1955849,62.8863489],[21.2032587,62.8900213],[21.2123046,62.8929742],[21.2224028,62.8951029],[21.2331956,62.8963321],[21.3412322,62.9037646],[21.3643296,62.9484477],[21.3676999,62.9530532],[21.3728302,62.9573099],[21.379555,62.9610801],[21.3876568,62.9642413],[21.3968733,62.9666911],[21.3979468,62.9669202],[21.3809275,63.0354862],[21.3807074,63.0404584],[21.382504,63.0453652],[21.3862572,63.0500398],[21.3918403,63.054323],[21.4458134,63.0881133],[21.4538467,63.0921917],[21.4635308,63.0954539],[21.4744683,63.0977655],[21.4862095,63.0990316],[21.4982719,63.0992002],[21.499889,63.0990729],[21.5004185,63.1007527],[21.4998161,63.1008176],[21.4893292,63.1029791],[21.4799579,63.1060135],[21.4720522,63.1098078],[21.465908,63.1142201],[21.4617558,63.1190857],[21.4597516,63.1242226],[21.4524646,63.1664337],[21.45265,63.1715168],[21.4540449,63.1745428],[21.4486775,63.1734444],[21.4378506,63.172253],[21.4267241,63.171989],[21.4156839,63.1726614],[21.4156839,63.1726614],[21.3833359,63.1760372],[21.2843933,63.1309998],[21.2749955,63.127507],[21.2642301,63.124947],[21.252544,63.1234261],[21.2404213,63.1230072],[21.2283647,63.1237077],[21.2168737,63.1254985],[21.2064247,63.1283054],[21.1974512,63.1320121],[21.190326,63.1364649],[21.1650315,63.1562292],[21.1552206,63.1552601],[21.1432687,63.1551795],[21.1315224,63.156175],[21.1204513,63.1582068],[21.1104981,63.1611938],[21.1020613,63.1650164],[21.0954791,63.1695218],[21.0910158,63.1745296],[21.0487508,63.2400578],[21.0487333,63.2400849],[21.0015281,63.1754356],[20.9943136,63.160452],[20.9795351,63.1453203],[20.9353841,63.0848685],[20.9117828,63.0394519],[20.7080265,62.3895983],[20.703027,62.3378883],[20.7195743,62.2867039],[20.7383345,62.2622498],[20.7369934,62.2548767],[20.7386272,62.2021072],[20.7387867,62.2017622],[20.7317844,62.1891588],[20.7205269,62.1688963],[20.6690361,62.0319396],[20.6606888,61.9780156],[20.6755998,61.9244164],[20.713048,61.8733069],[20.7714215,61.8267413],[20.8482981,61.7865824],[20.9001447,61.7643909],[20.8988089,61.7550432],[20.9102185,61.7072641],[20.939451,61.6612177],[20.9480621,61.6532161],[20.9276932,61.6213169],[20.9254398,61.6109758],[20.8961833,61.583959],[20.8657134,61.5328741],[20.8570681,61.4799624],[20.8704741,61.4272938],[20.885961,61.4049159],[20.8843715,61.3893331],[20.8958189,61.3532792],[20.8885251,61.3484379],[20.831895,61.3014088],[20.796306,61.2499132],[20.7831122,61.1960663],[20.7884478,61.1661648],[20.7845784,61.1626792],[20.7529612,61.1126016],[20.7439297,61.0689718],[20.7108426,61.0305397],[20.6965533,60.9966814],[20.6698645,60.9641018],[20.6605784,60.9403446],[20.6387403,60.8954698],[20.635591,60.8410436]],[[21.0710437,63.0020196],[21.0724737,63.0072803],[21.0761423,63.0123134],[21.0819088,63.0169244],[21.0895512,63.0209349],[21.0987746,63.0241898],[21.1092225,63.0265632],[21.1204908,63.0279632],[21.1321432,63.0283355],[21.1437286,63.0276658],[21.2085854,63.0209054],[21.2199176,63.019159],[21.2302447,63.0164159],[21.2391469,63.0127878],[21.2462627,63.0084223],[21.2513037,63.0034967],[21.2540662,62.9982112],[21.2683687,62.949236],[21.2687458,62.9438554],[21.2667673,62.9385468],[21.2625135,62.9335216],[21.2561545,62.92898],[21.2479445,62.9251025],[21.2382104,62.9220433],[21.2273398,62.9199241],[21.2157647,62.9188291],[21.2039452,62.9188017],[21.1923509,62.919843],[21.1312001,62.9282784],[21.1211114,62.9301435],[21.1119435,62.9328177],[21.1040059,62.936211],[21.0975669,62.9402088],[21.0928445,62.9446762],[21.0899991,62.9494622],[21.0719064,62.9967345],[21.0710437,63.0020196]],[[21.1880119,60.860259],[21.2600126,60.8535047],[21.2600126,60.8535047],[21.2636126,60.8298646],[21.2636126,60.8298646],[21.2600126,60.8535047],[21.1880119,60.860259],[21.1880119,60.860259]],[[21.202412,60.8889648],[21.299613,60.8957191],[21.3039478,60.9038519],[21.299613,60.8957191],[21.2024122,60.8889648],[21.202412,60.8889648]],[[21.2276123,60.5596923],[21.2276123,60.5596922],[21.2492125,60.4989035],[21.3176132,60.4820177],[21.3176132,60.4820177],[21.3176132,60.4820177],[21.2492125,60.4989035],[21.2276123,60.5596923]],[[21.2348123,61.9848515],[21.2348123,61.9848515],[21.2482344,61.9790596],[21.2348123,61.9848515]],[[21.2354711,60.6268918],[21.2708127,60.6424325],[21.299613,60.5681351],[21.299613,60.5681352],[21.2708127,60.6424325],[21.2354711,60.6268918]],[[21.2420124,60.9514422],[21.2420124,60.9514422],[21.3140131,60.9227364],[21.3140131,60.9227364],[21.2420124,60.9514422]],[[21.2708127,60.1898938],[21.3536135,60.2118453],[21.4472145,60.1831395],[21.4472144,60.1831395],[21.3536135,60.2118453],[21.2708128,60.1898938],[21.2708127,60.1898938]],[[21.2722242,62.0796096],[21.2888129,62.1216262],[21.3140131,62.1098062],[21.3140131,62.1098062],[21.2888129,62.1216262],[21.2722242,62.0796096]],[[21.296013,60.3705716],[21.3392134,60.3840802],[21.3536135,60.3519973],[21.296013,60.3705716]],[[21.299613,61.0595111],[21.4832148,61.0595111],[21.4832148,61.0595111],[21.299613,61.0595111],[21.299613,61.0595111]],[[21.3140131,62.2313838],[21.3140132,62.2313838],[21.3688685,62.2631674],[21.3140131,62.2313838]],[[21.3176132,60.8653247],[21.4292143,60.8754562],[21.4292143,60.8754562],[21.3176132,60.8653247],[21.3194667,60.8575002],[21.3176132,60.8653247]],[[21.3248132,60.8349304],[21.4220142,60.7589444],[21.4220142,60.7589444],[21.3248132,60.8349304],[21.3248132,60.8349304]],[[21.3284133,60.5259207],[21.3356134,60.5580037],[21.3356134,60.5580037],[21.3284133,60.5259207],[21.3284133,60.5259207]],[[21.3428134,61.1912202],[21.3428135,61.1912202],[21.4220142,61.176023],[21.4220142,61.176023],[21.3428134,61.1912202]],[[21.3536135,60.6897127],[21.4400144,60.6795812],[21.4400144,60.6795812],[21.3536135,60.6897127],[21.3536135,60.6897127]],[[21.3536135,60.9024734],[21.4292143,60.9024734],[21.4292143,60.9024734],[21.3536137,60.9024734],[21.3536135,60.9024734]],[[21.3536135,62.2313838],[21.3536135,62.2313838],[21.3896139,62.2077437],[21.3896139,62.2077437],[21.3536135,62.2313838]],[[21.3626344,61.2042358],[21.3788138,61.2148602],[21.4056636,61.1907222],[21.3788138,61.2148602],[21.3626344,61.2042358]],[[21.3673468,62.2539291],[21.3752137,62.2668439],[21.3752138,62.2668439],[21.3673468,62.2539291]],[[21.3694249,60.6632262],[21.3788138,60.6474983],[21.4688147,60.608661],[21.4688147,60.608661],[21.4148141,60.608661],[21.4148141,60.608661],[21.4148141,60.608661],[21.4688147,60.608661],[21.3788138,60.6474983],[21.3694249,60.6632262]],[[21.3753195,60.1637507],[21.3788138,60.1628766],[21.3788138,60.1628766],[21.3753195,60.1637507]],[[21.3860139,60.7521901],[21.386014,60.7521901],[21.4285868,60.7417717],[21.3860139,60.7521901]],[[21.3932139,61.8886026],[21.3932139,61.8886026],[21.4868149,61.810928],[21.4688147,61.7602707],[21.4937797,61.7471417],[21.4688147,61.7602707],[21.4868149,61.810928],[21.3932139,61.8886026]],[[21.4076141,60.5799552],[21.409784,60.5886062],[21.4076141,60.5799552],[21.4482198,60.5771777],[21.4076141,60.5799552]],[[21.4220142,60.7251728],[21.4688146,60.7319271],[21.4688147,60.7319271],[21.4220142,60.7251728],[21.4220142,60.7251728]],[[21.4220142,61.4850326],[21.5912159,61.4850326],[21.5912159,61.4850326],[21.4220142,61.4850326],[21.4220142,61.4850326]],[[21.4364144,61.1422514],[21.4688147,61.1490057],[21.4688147,61.1490057],[21.4364144,61.1422514],[21.4443436,61.1139857],[21.4364144,61.1422514]],[[21.4391774,60.5424451],[21.4832148,60.5259207],[21.4436144,60.4718862],[21.4436144,60.4718862],[21.4832148,60.5259207],[21.4391774,60.5424451]],[[21.4436144,61.1692687],[21.4436145,61.1692687],[21.4557518,61.1595093],[21.4436144,61.1692687]],[[21.4472145,61.4022923],[21.5732156,61.4158009],[21.5732157,61.4158009],[21.4472145,61.4022923],[21.4472145,61.4022923]],[[21.4688147,61.54751],[21.4688147,61.54751],[21.5678824,61.4969427],[21.4688147,61.54751]],[[21.4760148,61.2452546],[21.5125375,61.263287],[21.4760148,61.2452546],[21.4760148,61.2452546]],[[21.4801534,61.3930224],[21.5192152,61.3820294],[21.5244798,61.360511],[21.5192152,61.3820294],[21.4801534,61.3930224]],[[21.4832148,60.1155964],[21.5588154,60.1223507],[21.5588156,60.1223507],[21.4832149,60.1155964],[21.4832148,60.1155964]],[[21.497615,60.1358594],[21.497615,60.1358594],[21.526554,60.1294718],[21.497615,60.1358594]],[[21.5006305,61.2332068],[21.5588156,61.2047288],[21.5588156,61.2047288],[21.5006305,61.2332068]],[[21.5027874,60.1043759],[21.5156152,60.0970221],[21.5489073,60.0987571],[21.5156152,60.0970221],[21.5027874,60.1043759]],[[21.5115823,61.5628601],[21.7172171,61.527247],[21.7172172,61.527247],[21.5115823,61.5628601]],[[21.5192152,60.5681351],[21.5804151,60.5681351],[21.5804158,60.5681351],[21.5192152,60.5681351],[21.5192152,60.5681351]],[[21.5192152,61.711302],[21.5192152,61.711302],[21.5372154,61.6505132],[21.6667202,61.5618276],[21.5372154,61.6505132],[21.5192152,61.711302]],[[21.5445995,60.1578972],[21.5696157,60.1696309],[21.6063364,60.1638897],[21.5696157,60.1696309],[21.5445995,60.1578972]],[[21.5569761,61.7038445],[21.5876158,61.6977934],[21.5876159,61.6977933],[21.5569761,61.7038445]],[[21.5588156,60.4921492],[21.5588156,60.4921492],[21.5942623,60.4899324],[21.5588156,60.4921492]],[[21.5677654,60.2360043],[21.5876159,60.269257],[21.5876159,60.269257],[21.5677654,60.2360043]],[[21.594076,63.0770996],[21.6884169,63.0267037],[21.6884167,63.0267037],[21.594076,63.0770996]],[[21.602016,60.2219768],[21.6114446,60.2333488],[21.602016,60.2219768],[21.602016,60.2219768]],[[21.6128161,60.1020878],[21.6242812,60.1164281],[21.6128161,60.1020878],[21.6128161,60.1020878]],[[21.6605452,60.5462074],[21.6632166,60.5681351],[21.6632166,60.5681351],[21.6605452,60.5462074]],[[21.6812168,60.4651319],[21.7038915,60.4958566],[21.6812168,60.4651319],[21.6812168,60.4651319]],[[21.695617,60.1223507],[21.7064171,60.1713195],[21.7424174,60.1898938],[21.8864189,60.1763852],[21.8864188,60.1763852],[21.7424174,60.1898938],[21.7064171,60.1713195],[21.695617,60.1223507],[21.695617,60.1223507]],[[21.702817,63.2259558],[21.702817,63.2259558],[21.7103421,63.2208218],[21.702817,63.2259558]],[[21.7074878,60.1183736],[21.7208172,60.1139079],[21.8134548,60.1488577],[21.7208172,60.1139079],[21.7074878,60.1183736]],[[21.7117999,60.4770859],[21.7244172,60.4820177],[21.7640176,60.5259207],[21.7136171,60.5090349],[21.7136171,60.5090349],[21.7640176,60.5259207],[21.7244172,60.4820177],[21.7117999,60.4770859]],[[21.7856179,60.4786406],[21.8072181,60.5748895],[21.8072181,60.5748895],[21.7856179,60.4786406],[21.8756187,60.4786406],[21.8756188,60.4786406],[21.7856179,60.4786406]],[[21.7928179,60.3739488],[21.792818,60.3739488],[21.89928,60.3273423],[21.7928179,60.3739488]],[[21.8072181,60.4668205],[21.8072181,60.4668205],[21.9332193,60.4229175],[21.9466549,60.4027515],[21.9332193,60.4229175],[21.8072181,60.4668205],[21.8468185,60.4094089],[21.8434031,60.4071662],[21.8468185,60.4094089],[21.8072181,60.4668205]],[[21.8324183,58.511448],[21.9944199,58.5131366],[22.0880209,58.4219534],[22.0977557,58.4664725],[22.0880209,58.4219534],[21.9944199,58.5131366],[21.8324184,58.511448],[21.8324183,58.511448]],[[21.8398438,60.6276551],[21.8468185,60.5883981],[21.8468185,60.5883981],[21.8398438,60.6276551]],[[21.8432184,60.5157893],[21.904419,60.5292979],[22.0484205,60.4381147],[22.0484205,60.4381147],[21.904419,60.5292979],[21.8432184,60.5157893],[21.8432184,60.5157893]],[[21.8432184,58.2936216],[21.8432184,58.2936216],[21.8709608,58.2719342],[21.8432184,58.2936216]],[[21.8580863,63.2534381],[21.8936189,63.2597273],[21.8822116,63.1955208],[21.8936189,63.2597273],[21.8580863,63.2534381]],[[21.8720187,58.3409017],[21.9440194,58.3189502],[22.0124201,58.3544103],[22.0124201,58.3544103],[21.9440194,58.3189502],[21.8720188,58.3409017],[21.8720187,58.3409017]],[[21.8756188,60.3047171],[21.8756188,60.3047171],[21.9394386,60.2864962],[21.8756188,60.3047171]],[[21.8792188,63.1786756],[21.8792188,63.1786756],[21.9196261,63.1649511],[21.8792188,63.1786756]],[[21.8936189,60.3959003],[21.9512195,60.3959003],[21.9512195,60.3959003],[21.893619,60.3959003],[21.8936189,60.3959003]],[[21.894382,60.305695],[21.9728197,60.3097828],[21.966584,60.2973522],[21.9728197,60.3097828],[21.894382,60.305695]],[[21.8954089,58.3134741],[21.9080191,58.2986873],[21.9080191,58.2986873],[21.8954089,58.3134741]],[[21.900819,60.3266686],[21.9339696,60.3289722],[21.900819,60.3266686],[21.900819,60.3266686]],[[21.9368194,60.1763852],[22.0592206,60.2118453],[22.0736207,60.1966481],[22.0736207,60.1966481],[22.0592206,60.2118453],[21.9368194,60.1763852],[21.9368194,60.1763852]],[[21.9421998,58.2450138],[22.0160202,58.2345214],[22.0736207,58.1754212],[22.1508928,58.1593127],[22.0736207,58.1754212],[22.0160202,58.2345214],[21.9421998,58.2450138]],[[21.9584196,63.3323361],[21.99802,63.384682],[22.0383009,63.3839823],[21.99802,63.384682],[21.9584196,63.3323362],[21.9584196,63.3323361]],[[21.9620196,60.3469315],[21.9620196,60.3469315],[21.9963473,60.3340505],[21.9620196,60.3469315]],[[21.9620196,57.9846119],[21.99802,57.9846119],[22.0416717,58.0340922],[21.99802,57.9846119],[21.9620196,57.9846119],[21.9620196,57.9846119]],[[21.9728197,63.2867446],[21.9728198,63.2867446],[22.02751,63.28308],[21.9728197,63.2867446]],[[21.9777752,60.3585445],[21.9872199,60.3655059],[21.9872199,60.3655059],[21.9777752,60.3585445]],[[21.9837743,57.956041],[22.0160202,57.9136917],[22.0484205,57.9153803],[22.203222,57.9947434],[22.2716227,58.1737326],[22.2966936,58.1896917],[22.2716227,58.1737326],[22.203222,57.9947434],[22.0484205,57.9153803],[22.0160202,57.9136917],[21.9837743,57.956041]],[[22.0124201,60.1696309],[22.0124201,60.1696309],[22.0260188,60.1623413],[22.0124201,60.1696309]],[[22.0424867,63.363466],[22.0952209,63.3829935],[22.095221,63.3829935],[22.0424867,63.363466]],[[22.0537641,60.440454],[22.102421,60.4617548],[22.1331248,60.4489837],[22.102421,60.4617548],[22.0537641,60.440454]],[[22.0556206,58.9521667],[22.4624245,58.970741],[22.4624246,58.970741],[22.0556206,58.9521667],[22.0607071,58.9330802],[22.0556206,58.9521667]],[[22.0628206,58.9251495],[22.196022,58.8880008],[22.2932229,58.8947551],[22.3356486,58.8816633],[22.2932229,58.8947551],[22.196022,58.8880008],[22.0628206,58.9251495],[22.0628206,58.9251495]],[[22.0700207,63.3188275],[22.196022,63.3103846],[22.2320223,63.3390904],[22.238841,63.3238987],[22.2320223,63.3390904],[22.196022,63.3103846],[22.0700207,63.3188275],[22.0700207,63.3188275]],[[22.0808208,60.269257],[22.0808208,60.269257],[22.1598705,60.2785264],[22.0808208,60.269257]],[[22.0844208,58.0825494],[22.0844208,58.0825494],[22.0928411,58.0821106],[22.0844208,58.0825494]],[[22.0844208,63.2614159],[22.0844208,63.2614159],[22.0867107,63.2610368],[22.0844208,63.2614159],[22.0844208,63.2614159]],[[22.0929717,60.2904258],[22.1060211,60.31316],[22.1060211,60.31316],[22.0929717,60.2904258]],[[22.102421,58.4878079],[22.102421,58.4878079],[22.1888219,58.543531],[22.1888219,58.543531],[22.102421,58.4878079]],[[22.1132211,63.2833674],[22.1132211,63.2833674],[22.1140018,63.283286],[22.1132211,63.2833674],[22.1600216,63.2732359],[22.1600216,63.2732359],[22.1132211,63.2833674]],[[22.1924219,63.4589794],[22.2464225,63.4691109],[22.2464225,63.4691109],[22.1924219,63.4589794],[22.1924219,63.4589794]],[[22.1939146,63.4477775],[22.196022,63.4319622],[22.3472235,63.3492219],[22.3592187,63.3355581],[22.3472235,63.3492219],[22.196022,63.4319622],[22.1939146,63.4477775]],[[22.1949035,60.3028979],[22.3400234,60.2861427],[22.3400233,60.2861427],[22.1949035,60.3028979]],[[22.2104221,60.205091],[22.2541935,60.2265144],[22.2104222,60.205091],[22.2104221,60.205091]],[[22.2140221,60.2523712],[22.2451119,60.2607041],[22.2140221,60.2523712],[22.2140221,60.2523712]],[[22.2250818,63.2663044],[22.2788228,63.3019417],[22.3224794,63.2858528],[22.2788228,63.3019417],[22.2250818,63.2663044]],[[22.2788228,63.4876852],[22.2803378,63.5040288],[22.2788228,63.4876852],[22.2788228,63.4876852]],[[22.2814626,60.2227643],[22.2932229,60.2456169],[22.2932229,60.2456169],[22.2814626,60.2227643]],[[22.2824228,63.5265225],[22.2824228,63.5265225],[22.3053528,63.5250885],[22.2824228,63.5265225]],[[22.2896229,60.149368],[22.2896229,60.149368],[22.3257705,60.1480638],[22.2896229,60.149368]],[[22.3112231,60.3216029],[22.3112232,60.3216029],[22.3868239,60.3216029],[22.3806295,60.3117245],[22.3868239,60.3216029],[22.3112231,60.3216029]],[[22.3148231,60.1915824],[22.3148231,60.1915824],[22.3371895,60.1926315],[22.3148231,60.1915824]],[[22.3184232,60.1645652],[22.3868238,60.1949596],[22.3868239,60.1949596],[22.3184232,60.1645652],[22.3184232,60.1645652]],[[22.3292233,63.2833674],[22.3340045,63.2874788],[22.3292233,63.2833674],[22.3292233,63.2833674]],[[22.3328233,63.492751],[22.334589,63.5076582],[22.3328233,63.492751],[22.3328233,63.492751]],[[22.3544235,60.0750706],[22.3573735,60.0738714],[22.3544235,60.0750706],[22.3544235,60.0750706]],[[22.3569215,60.0375775],[22.3580236,60.0210361],[22.3644015,60.013771],[22.3580236,60.0210361],[22.3569215,60.0375775]],[[22.3672728,63.4376568],[22.401224,63.4184536],[22.4012239,63.4184536],[22.3672728,63.4376568]],[[22.3688237,60.2928971],[22.3688237,60.2928971],[22.3940239,60.2928971],[22.4768247,60.3216029],[22.4768248,60.3216029],[22.3940239,60.2928971],[22.3688237,60.2928971]],[[22.3690235,60.3441953],[22.397624,60.3553744],[22.397624,60.3553744],[22.3980552,60.3551905],[22.397624,60.3553744],[22.3690235,60.3441953]],[[22.3832238,59.9923303],[22.3937418,59.9932009],[22.3832238,59.9923303],[22.3832238,59.9923303]],[[22.4054355,60.3943085],[22.4840248,60.4026546],[22.4840248,60.4026546],[22.4054355,60.3943085]],[[22.4084241,60.0531191],[22.4101269,60.0682947],[22.4084241,60.0531191],[22.4084241,60.0531191]],[[22.4120241,60.085202],[22.4120241,60.085202],[22.4414238,60.0700333],[22.4120241,60.085202]],[[22.4156242,60.149368],[22.4480245,60.2219768],[22.4535115,60.2226202],[22.4480245,60.2219768],[22.4156242,60.149368],[22.599226,60.1426137],[22.5992259,60.1426137],[22.4156242,60.149368]],[[22.4228242,60.1155964],[22.5251651,60.1312707],[22.5251651,60.1312707],[22.5251651,60.1312707],[22.4228243,60.1155964],[22.4228242,60.1155964]],[[22.4408244,58.9842497],[22.4408245,58.9842497],[22.4473132,58.9801916],[22.4408244,58.9842497]],[[22.443789,58.6085341],[22.5488255,58.6296484],[22.6496265,58.587434],[22.8420613,58.6088115],[22.6496265,58.587434],[22.5488255,58.6296484],[22.443789,58.6085341]],[[22.4444244,59.997396],[22.4468919,60.0448472],[22.4444244,59.997396],[22.4444244,59.997396]],[[22.4480245,60.2456169],[22.6280263,60.3756373],[22.6272027,60.3810452],[22.6280263,60.3756373],[22.4480245,60.2456169],[22.4897282,60.2526029],[22.4480245,60.2456169]],[[22.4591228,60.0928956],[22.4768248,60.0818249],[22.4696247,59.997396],[22.4696247,59.997396],[22.4768248,60.0818249],[22.4591228,60.0928956]],[[22.4624246,63.5552283],[22.4624246,63.5552283],[22.4861855,63.5744787],[22.4624246,63.5552283]],[[22.4624246,58.7157659],[22.4624246,58.7157659],[22.5560256,58.6870601],[22.6532265,58.7022573],[22.7371539,58.7832381],[22.6532265,58.7022573],[22.5560256,58.6870601],[22.4624246,58.7157659]],[[22.4624246,60.3756373],[22.4643109,60.3779966],[22.4624246,60.3756373],[22.4624246,60.3756373]],[[22.4642329,58.7951152],[22.498425,58.7377174],[22.498425,58.7377174],[22.4642329,58.7951152]],[[22.4660247,60.1831395],[22.4660247,60.1831395],[22.8440284,60.2422397],[22.9196292,60.2962742],[22.9230898,60.2959496],[22.9196292,60.2962742],[22.8440284,60.2422397],[22.4660247,60.1831395]],[[22.475696,58.9817333],[22.4876249,58.9808725],[22.4876249,59.0163326],[22.5596256,59.0382841],[22.5884259,59.0872529],[22.5884259,59.0872529],[22.5596256,59.0382841],[22.4876249,59.0163326],[22.4876249,58.9808725],[22.475696,58.9817333]],[[22.4768248,58.2446528],[22.4768248,58.2446528],[22.5056251,58.2227013],[22.5056251,58.2227013],[22.4768248,58.2446528],[22.4768248,58.2446528]],[[22.498425,63.6227714],[22.5067604,63.6345005],[22.498425,63.6227714],[22.498425,63.6227714]],[[22.502025,63.5873113],[22.502025,63.5873113],[22.5096446,63.5852265],[22.502025,63.5873113]],[[22.5041402,63.6169977],[22.5452255,63.5754913],[22.5452254,63.5754913],[22.5041402,63.6169977]],[[22.5180679,60.3733678],[22.5452255,60.3722602],[22.5551317,60.3756394],[22.5452255,60.3722602],[22.5452255,60.3722602],[22.5180679,60.3733678]],[[22.5205392,58.2393154],[22.5344253,58.2547843],[22.7216272,58.2260785],[22.7352298,58.2324587],[22.7216272,58.2260785],[22.5344253,58.2547843],[22.5205392,58.2393154]],[[22.5236252,60.205091],[22.6496264,60.2793884],[22.6496265,60.2793884],[22.5236253,60.205091],[22.5236252,60.205091]],[[22.5242293,60.0192415],[22.5920259,60.0463648],[22.5920259,60.0463647],[22.5242293,60.0192415]],[[22.587457,63.691099],[22.5884259,63.7038231],[22.6296458,63.7030176],[22.5884259,63.7038231],[22.587457,63.691099]],[[22.609433,59.9931433],[22.6532265,60.0328562],[22.6571045,60.0280814],[22.6532265,60.0328562],[22.609433,59.9931433]],[[22.6573074,59.0857843],[22.6676267,59.0855643],[22.6676267,59.0855643],[22.6573074,59.0857843]],[[22.6615585,60.2270222],[22.7360274,60.2388626],[22.7725914,60.2527031],[22.7360274,60.2388626],[22.6615585,60.2270222]],[[22.6748267,63.7021346],[22.6748267,63.7021346],[22.7396274,63.6227714],[22.7780782,63.6305008],[22.7396274,63.6227714],[22.6748267,63.7021346]],[[22.6751091,59.0831346],[22.7144271,59.0703671],[22.6928269,59.0416613],[22.7066859,59.0297438],[22.6928269,59.0416613],[22.7144271,59.0703671],[22.6751091,59.0831346]],[[22.6820268,63.7578576],[22.8080281,63.7798091],[22.8124431,63.7791188],[22.8080281,63.7798091],[22.6820268,63.7578576],[22.6820268,63.7578576]],[[22.7147057,63.7425298],[22.7576276,63.7223975],[22.800828,63.7375947],[22.8296283,63.776432],[22.8296283,63.776432],[22.800828,63.7375947],[22.7576276,63.7223975],[22.7147057,63.7425298]],[[22.7216272,58.2699815],[22.8448167,58.2988722],[22.7216272,58.2699815],[22.7216272,58.2699815]],[[22.7277184,58.2654102],[22.7576276,58.2429642],[22.7576276,58.2429642],[22.7277184,58.2654102]],[[22.7288273,60.0463648],[22.7946007,60.0818898],[22.7288273,60.0463648],[22.7288273,60.0463648]],[[22.748149,60.0234087],[22.7576276,60.0328562],[22.7576276,60.0328562],[22.748149,60.0234087]],[[22.7900279,58.7816204],[22.7900279,58.7816204],[22.8440284,58.7765547],[22.8872289,58.7900633],[22.8872289,58.7900633],[22.8440284,58.7765547],[22.7900279,58.7816204]],[[22.794764,58.7865076],[22.8260283,58.8187691],[22.81343,58.8201327],[22.8260283,58.8187691],[22.794764,58.7865076]],[[22.8332283,60.193271],[22.8721,60.2194803],[22.8332283,60.193271],[22.8415502,60.1454554],[22.8332283,60.193271]],[[22.8332283,63.7257746],[22.9268293,63.7426604],[22.9130238,63.7713371],[22.9268293,63.7426604],[22.8332284,63.7257746],[22.8332283,63.7257746]],[[22.8440284,60.0818249],[22.8440285,60.0818249],[22.8600115,60.0823419],[22.8440284,60.0818249]],[[22.8548285,60.041299],[22.8836287,60.0480533],[22.8836288,60.0480533],[22.8548286,60.041299],[22.8548285,60.041299]],[[22.8548285,60.0548077],[22.8548286,60.0548077],[22.8653925,60.0523302],[22.8548285,60.0548077]],[[22.8578503,60.0157871],[22.8584286,60.0109047],[22.8584286,60.0109046],[22.8578503,60.0157871]],[[22.8656287,60.1831395],[22.9656165,60.2628674],[22.8656287,60.1831395],[22.8764288,60.149368],[22.9082994,60.1303946],[22.8764288,60.149368],[22.8656287,60.1831395]],[[22.8719072,63.6861744],[22.901629,63.7055117],[22.901629,63.7055117],[22.8719072,63.6861744]],[[22.8800288,58.8322777],[22.8800288,58.8322777],[22.8805673,58.8291206],[22.8800288,58.8322777]],[[22.883755,60.1060485],[22.9160292,60.1257279],[22.9160292,60.1257279],[22.883755,60.1060485]],[[22.901629,63.7950063],[22.9332306,63.7849481],[22.901629,63.7950063],[22.901629,63.7950063]],[[22.9052291,59.8116525],[22.9378551,59.8422587],[22.9052291,59.8116525],[22.9052291,59.8116525]],[[22.9085771,58.3169986],[22.9700297,58.3594761],[22.9700297,58.3594761],[22.9085771,58.3169986]],[[22.9116689,60.066232],[22.9268293,60.0649391],[22.9268292,60.0649391],[22.9116689,60.066232]],[[22.9162543,60.1256487],[22.9162958,60.1256341],[22.9162958,60.1256341],[22.9162543,60.1256487]],[[22.9232292,58.6178284],[22.9232292,58.6178284],[23,58.5894449],[23.2292323,58.5046937],[23.2554818,58.4953365],[23.2292323,58.5046937],[23,58.5894449],[22.9232292,58.6178284]],[[22.9340293,58.9842497],[22.9340293,58.9842497],[23,58.8965773],[23.0420304,58.8407206],[23.0402451,58.8406276],[23.0420304,58.8407206],[23,58.8965773],[22.9340293,58.9842497]],[[22.9448294,59.8488012],[22.9448294,59.8488012],[22.9724243,59.855581],[22.9448294,59.8488012]],[[22.9528636,60.095601],[22.9556737,60.1021914],[22.9556737,60.1021914],[22.9528636,60.095601]],[[22.9556296,58.3814276],[23,58.3762247],[23.0291574,58.3728056],[23,58.3762247],[23,58.3762247],[22.9556296,58.3814276],[22.9556296,58.3814276]],[[22.971246,60.3112575],[22.99883,60.3064057],[22.9994745,60.3067868],[22.99883,60.3064057],[22.971246,60.3112575]],[[22.9916299,60.0767592],[22.9916299,60.0767592],[23,60.0705431],[23.0115572,60.0619601],[23,60.0705431],[23,60.0705431],[22.9916299,60.0767592]],[[22.9916299,63.8152692],[22.9953446,63.8171631],[22.9916299,63.8152692],[22.9916299,63.8152692]],[[22.9981596,63.7836213],[23,63.7747012],[23.0004131,63.7726991],[23,63.7747012],[22.9981596,63.7836213]],[[23.0009311,63.7634004],[23.00243,63.7629234],[23.00243,63.7629233],[23.0009311,63.7634004]],[[23.0094876,60.1244908],[23.0240302,60.1358594],[23.0310188,60.1314888],[23.0240302,60.1358594],[23.0094876,60.1244908]],[[23.0155057,60.096917],[23.0456304,60.1223507],[23.0456304,60.1223507],[23.0456305,60.1223507],[23.0155057,60.096917]],[[23.0348303,60.0446762],[23.2580326,60.0396105],[23.2580325,60.0396105],[23.0348303,60.0446762],[23.0348303,60.0446762]],[[23.0420304,58.3712961],[23.0420304,58.3712961],[23.0463752,58.3753082],[23.0420304,58.3712961],[23.0420304,58.3712961]],[[23.0600306,58.6026312],[23.0804091,58.6142019],[23.0600306,58.6026312],[23.0600306,58.6026312]],[[23.0808793,59.8822273],[23.2472325,59.9230986],[23.296654,59.9839484],[23.2472325,59.9230986],[23.0808793,59.8822273]],[[23.1104311,59.9737559],[23.1104311,59.9737559],[23.1990238,60.0132828],[23.1104311,59.9737559]],[[23.1173823,59.0179179],[23.1346343,59],[23.1561823,58.9776203],[23.1346343,59],[23.1346343,59],[23.1173823,59.0179179]],[[23.1465998,59.9354366],[23.1896319,59.9501159],[23.2031707,59.9416488],[23.1896319,59.9501159],[23.1465998,59.9354366]],[[23.1558551,59.0397896],[23.1716317,59.046727],[23.2795717,59.0362192],[23.1716317,59.046727],[23.1558551,59.0397896]],[[23.1572316,58.4776765],[23.1572316,58.4776765],[23.2364324,58.4405278],[23.2512391,58.4393703],[23.2364324,58.4405278],[23.1572316,58.4776765]],[[23.1644316,58.9690525],[23.2134256,58.9696736],[23.1644316,58.9690525],[23.1644316,58.9690525]],[[23.1927335,58.0919087],[23.2675188,58.1251486],[23.2826089,58.1349804],[23.2898066,58.136649],[23.3612786,58.1621942],[23.3710941,58.1556246],[23.4350693,58.1274144],[23.4322915,58.1017303],[23.441608,58.0668461],[23.376343,58.081161],[23.2816465,58.091405],[23.1927335,58.0919087]],[[23.2184322,57.800557],[23.2256323,57.8241971],[23.2256323,57.8241971],[23.2184322,57.800557],[23.250378,57.7909244],[23.2184322,57.800557]],[[23.2220322,59.8673756],[23.2304162,59.8850717],[23.2220322,59.8673756],[23.2220322,59.8673756]],[[23.2228754,59.8665846],[23.2508325,59.8403583],[23.2508325,59.8403583],[23.2228754,59.8665846]],[[23.2364324,59.89777],[23.2364324,59.89777],[23.2697758,59.9099341],[23.2364324,59.89777]],[[23.2364324,58.455725],[23.2387202,58.4566448],[23.2364324,58.455725],[23.2364324,58.455725]],[[23.2455352,57.8185959],[23.2616326,57.8140656],[23.2664807,57.7947368],[23.2616326,57.8140656],[23.2455352,57.8185959]],[[23.2580136,58.5342226],[23.3624336,58.531711],[23.3885962,58.5473291],[23.3624336,58.531711],[23.2580136,58.5342226]],[[23.2591597,58.4459532],[23.2796328,58.4371506],[23.2796327,58.4371506],[23.2591597,58.4459532]],[[23.2628373,59.9662796],[23.3336333,60.029479],[23.3336332,60.0294789],[23.2628373,59.9662796]],[[23.2874717,58.6619213],[23.3300333,58.6532885],[23.3804338,58.5806797],[23.402034,58.555351],[23.402034,58.555351],[23.3804338,58.5806797],[23.3300333,58.6532885],[23.2874717,58.6619213]],[[23.2946641,58.4538061],[23.3264333,58.4422164],[23.3264333,58.4422164],[23.2946641,58.4538061]],[[23.3624336,59.0281527],[23.3624336,59.0281527],[23.3752953,59],[23.3752953,59],[23.3840338,58.9808725],[23.3840338,58.9808725],[23.3752953,59],[23.3624336,59.0281527]],[[23.3696337,63.9469783],[23.3696337,63.9469783],[23.4164342,63.9250268],[23.4164341,63.9250268],[23.3696337,63.9469783]],[[23.4092341,59.0247755],[23.4360416,59.0455498],[23.4092341,59.0247755],[23.4092341,59.0247755]],[[23.4236342,58.9285266],[23.6288363,58.9791839],[23.6288363,58.9791839],[23.4236342,58.9285266],[23.4236342,58.9285266]],[[23.4308343,58.7647346],[23.4533421,58.7781341],[23.4308343,58.7647346],[23.4308343,58.7647346]],[[23.4308343,59.9568702],[23.4308344,59.9568702],[23.5748357,59.9771331],[23.5748357,59.9771331],[23.4308343,59.9568702]],[[23.4463219,59.0108589],[23.4752607,59],[23.4903662,58.9943319],[23.4752607,59],[23.4752607,59],[23.4463219,59.0108589]],[[23.4745668,59.1999825],[23.5172352,59.0737443],[23.5172351,59.0737443],[23.4745668,59.1999825]],[[23.499235,58.6971915],[23.5297791,58.7049058],[23.499235,58.6971915],[23.4999072,58.6719667],[23.499235,58.6971915]],[[23.5316353,58.7478488],[23.7191648,58.7361209],[23.5316353,58.7478488],[23.5316353,58.7478488]],[[23.5375392,58.7319261],[23.5460355,58.7090116],[23.5460355,58.7090116],[23.5375392,58.7319261]],[[23.5384845,58.5746462],[23.5604356,58.5823683],[23.5856359,58.5452196],[23.6232412,58.5370787],[23.5856359,58.5452196],[23.5604356,58.5823683],[23.5384845,58.5746462]],[[23.543802,60.0461445],[23.5460355,60.073382],[23.5460355,60.073382],[23.543802,60.0461445]],[[23.5604356,59.0534813],[23.5604357,59.0534813],[23.6144361,59.0112669],[23.6000409,59.0017346],[23.6144361,59.0112669],[23.5604356,59.0534813]],[[23.5748357,64.1073931],[23.6216362,64.1073931],[23.6216362,64.1073931],[23.5748357,64.1073931],[23.5748357,64.1073931]],[[23.6028082,59.0351355],[23.6072361,59.0332184],[23.6205151,59],[23.6269478,58.9839082],[23.6205151,59],[23.6205151,59],[23.6072361,59.0332184],[23.6028082,59.0351355]],[[23.6171481,59.9732919],[23.798038,59.9568702],[23.99964,60.0379219],[24.0029107,60.0297401],[23.99964,60.0379219],[23.798038,59.9568702],[23.6171481,59.9732919]],[[23.6352468,64.1206013],[23.7260373,64.2087077],[23.7926063,64.2171142],[23.7260373,64.2087077],[23.6352468,64.1206013]],[[23.6513221,59.2552708],[23.7296373,59.230782],[23.7296373,59.2307819],[23.6513221,59.2552708]],[[23.6756368,58.4354621],[23.6792368,58.5249566],[23.6792368,58.5249566],[23.6756368,58.4354621],[23.7344639,58.3511514],[23.6756368,58.4354621]],[[23.7318812,59.2694261],[23.7584376,59.2831278],[24.0392404,59.2932593],[24.0594439,59.28206],[24.0392404,59.2932593],[23.7584376,59.2831278],[23.7318812,59.2694261]],[[23.798038,58.7849975],[23.8736384,58.771489],[23.8736387,58.7714889],[23.798038,58.7849975],[23.7999244,58.7566832],[23.798038,58.7849975]],[[23.8421721,64.2451897],[23.8628386,64.2678079],[23.9420394,64.247545],[23.9420394,64.247545],[23.8628386,64.2678079],[23.8421721,64.2451897]],[[23.9276393,64.3015795],[23.9558298,64.3343212],[23.9276393,64.3015795],[23.9350064,64.2739353],[23.9276393,64.3015795]],[[23.9420394,58.1129438],[23.9420394,58.1129438],[24.00324,58.1078781],[24.0140401,58.1534696],[24.0140401,58.1534697],[24.00324,58.1078781],[23.9420394,58.1129438]],[[23.948666,58.1308156],[23.9564396,58.1517811],[23.9564396,58.1517811],[23.948666,58.1308156]],[[24.0212402,59.3776882],[24.0212402,59.3776882],[24.0932409,59.3118337],[24.0932409,59.3118337],[24.0212402,59.3776882]],[[24.0563528,58.2741722],[24.1112411,58.2412757],[24.1544415,58.2767358],[24.1717604,58.2773857],[24.1544415,58.2767358],[24.1112411,58.2412757],[24.0563528,58.2741722]],[[24.0644406,59.3979511],[24.0644406,59.3979511],[24.1093482,59.3859831],[24.0644406,59.3979511]],[[24.0788408,59.2713078],[24.0818811,59.279864],[24.0788408,59.2713078],[24.0788408,59.2713078]],[[24.0791545,64.4208698],[24.3452435,64.531226],[24.4004192,64.6323928],[24.3452435,64.531226],[24.0791545,64.4208698]],[[24.1616416,59.4030168],[24.3056431,59.4199026],[24.3223967,59.4493709],[24.3056431,59.4199026],[24.1616416,59.4030168],[24.1616416,59.4030168]],[[24.2099711,59.3656802],[24.2228422,59.3557367],[24.2228422,59.3557367],[24.2099711,59.3656802]],[[24.2444424,58.2801129],[24.2607421,58.3026665],[24.2444424,58.2801129],[24.2444424,58.2801129]],[[24.2963736,60.061193],[24.3200432,60.0750706],[24.3555904,60.073788],[24.3200432,60.0750706],[24.2963736,60.061193]],[[24.3223377,60.0107561],[24.3668437,60.073382],[24.3668437,60.073382],[24.3223377,60.0107561]],[[24.3322135,58.385429],[24.3632436,58.3966248],[24.4332253,58.3732689],[24.3632436,58.3966248],[24.3322135,58.385429]],[[24.3344433,59.4705599],[24.3344433,59.4705599],[24.508904,59.4515297],[24.3344433,59.4705599]],[[24.3796251,57.9908878],[24.399244,58.0234492],[24.4640446,58.0724179],[24.4640446,58.0724179],[24.399244,58.0234492],[24.3796251,57.9908878]],[[24.4172442,59.9906417],[24.4460444,60.0480533],[24.4460445,60.0480533],[24.4172442,59.9906417],[24.4172442,59.9906417]],[[24.4244442,64.6764436],[24.4244442,64.6764436],[24.4840833,64.7005586],[24.4244442,64.6764436]],[[24.4456412,59.9923067],[24.4460445,59.9923303],[24.4460445,59.9923303],[24.4460445,59.9923303],[24.4456412,59.9923067]],[[24.4712447,58.2514071],[24.4712447,58.2514071],[24.5468455,58.2885558],[24.5501537,58.3304514],[24.5468455,58.2885558],[24.4712447,58.2514071]],[[24.4892449,59.5600545],[24.49608,59.5705885],[24.4892449,59.5600545],[24.4892449,59.5600545]],[[24.497348,65.0370953],[24.4982231,65.0423118],[24.5014675,65.0473592],[24.5069604,65.0520477],[24.5144964,65.0562009],[24.6080875,65.0984448],[24.6180478,65.1020914],[24.6295733,65.1048007],[24.6421742,65.1064574],[24.8223484,65.12167],[24.8351055,65.1221888],[24.8478523,65.1216288],[24.8600781,65.1200124],[24.9069144,65.1115616],[24.9178081,65.1090408],[24.9273379,65.1056815],[24.9351452,65.1016104],[24.9409364,65.0969809],[24.9444945,65.0919674],[24.9456869,65.0867588],[24.9456802,65.0839897],[24.9456802,65.0839897],[25.000168,65.0815057],[25.000168,65.0815057],[25.0174919,65.0796541],[25.0859463,65.067823],[25.096753,65.0654196],[25.1062765,65.0621933],[25.1141693,65.058262],[25.1201439,65.0537693],[25.1239832,65.0488792],[25.1255482,65.0437703],[25.1247831,65.0386289],[25.1217172,65.0336423],[25.1164635,65.0289924],[25.1092142,65.0248483],[25.1002342,65.0213611],[25.0901774,65.0187424],[25.0901501,65.0187353],[25.088559,65.0182206],[25.0901501,65.0187353],[25.0987941,65.021532],[25.1072355,65.0256438],[25.1135373,65.0303881],[25.1174409,65.035571],[25.1187852,65.0409804],[25.1175137,65.0463953],[25.1136768,65.0515937],[25.1074304,65.0563629],[25.0990292,65.0605073],[25.0888169,65.0638571],[25.0772117,65.0662748],[25.0646896,65.0676612],[25.0517644,65.0679594],[24.9240429,65.0654038],[24.9114218,65.0646094],[24.8994337,65.0627763],[24.888557,65.0599777],[24.8873194,65.0594933],[24.8873241,65.0594931],[24.9932499,65.054685],[25,65.0535185],[25.0616506,65.0428649],[25.0548672,65.0410973],[25.0454545,65.0409091],[24.9272731,65.0385455],[25,65.0356048],[25.0184868,65.0348572],[25,65.0356048],[25,65.0356048],[24.8204482,65.0428649],[24.7593846,65.0184666],[24.803439,65.0360688],[24.5679435,65.0313589],[24.5771367,65.0225192],[24.5612456,65.0377992],[24.6084471,65.0590873],[24.6084494,65.0590883],[24.6084502,65.0590886],[24.5646606,65.0582124],[24.55245,65.0574565],[24.5408184,65.0557273],[24.5302002,65.0530895],[24.5302002,65.0530895],[24.5209917,65.0496416],[24.5135361,65.0455123],[24.5081108,65.0408557],[24.504917,65.0358456],[24.5040727,65.0306688],[24.5056079,65.0255183],[24.5094641,65.0205857],[24.5099102,65.0201576],[24.5098702,65.0201875],[24.5094509,65.0205004],[24.5027415,65.0269381],[24.4988737,65.0319057],[24.497348,65.0370953]],[[24.4979628,60.0160884],[24.5936459,60.0598734],[24.5869713,60.0648825],[24.5936459,60.0598734],[24.4979628,60.0160884]],[[24.5138308,59.554673],[24.5432454,59.5482345],[24.5144451,59.5988918],[24.5144451,59.5988918],[24.5432454,59.5482345],[24.5138308,59.554673]],[[24.5288453,64.7186581],[24.5298161,64.7282206],[24.5288453,64.7186581],[24.5288453,64.7186581]],[[24.5396454,64.8047755],[24.6692467,64.7895783],[24.6692467,64.8301042],[24.6692467,64.8301042],[24.6692467,64.7895783],[24.5396454,64.8047755],[24.5396454,64.8047755]],[[24.5396454,60.0868906],[24.5396454,60.0868906],[24.6080461,60.1003992],[24.608046,60.1003992],[24.5396454,60.0868906]],[[24.5436735,64.7597358],[24.5864458,64.7811354],[24.5864459,64.7811354],[24.5436735,64.7597358]],[[24.5540455,60.1561223],[24.5540456,60.1561222],[24.5683302,60.1466304],[24.5540455,60.1561223]],[[24.5939064,60.1250669],[24.597246,60.1274165],[24.597246,60.1274165],[24.5939064,60.1250669]],[[24.6224462,59.4705599],[24.65831,59.484578],[24.6224462,59.4705599],[24.6224462,59.4705599]],[[24.6332463,64.9685675],[24.6634365,64.9857624],[24.6332463,64.9685675],[24.6332463,64.9685675]],[[24.6920126,64.8385343],[24.7376474,64.8554328],[25,64.9014231],[25,64.9014231],[25.0457642,64.9094456],[25,64.9014231],[24.7376474,64.8554328],[24.6920126,64.8385343]],[[24.7232472,65.0040276],[24.7232473,65.0040276],[24.7346444,65.0007096],[24.7232472,65.0040276]],[[24.750017,59.4627664],[24.7736477,59.450297],[24.7736477,59.450297],[24.750017,59.4627664]],[[24.7555173,64.9946328],[24.8276483,64.9736332],[24.8276482,64.9736332],[24.7555173,64.9946328]],[[24.7736477,59.5600545],[24.7767375,59.5611415],[24.7736477,59.5600545],[24.7736477,59.5600545]],[[24.7946109,59.5256402],[24.8168482,59.4891343],[24.8168482,59.4891343],[24.7946109,59.5256402]],[[24.8372348,60.184731],[24.8672487,60.1797624],[24.8456485,60.1443023],[24.9500495,60.1443023],[25,60.2129158],[25.0002692,60.2132855],[25,60.2129158],[24.9500495,60.1443023],[24.8456485,60.1443023],[24.8672487,60.1797624],[24.8372348,60.184731]],[[24.843207,65.0148501],[24.84742,65.0165301],[24.8558401,65.0206423],[24.8621231,65.0253847],[24.8660116,65.0305639],[24.8660991,65.0309185],[24.8705621,65.0262035],[24.8705621,65.0262035],[24.8775383,65.0217072],[24.886491,65.0178811],[24.8970638,65.0148774],[24.9088362,65.0128153],[24.9213407,65.0117768],[24.9236903,65.0116817],[24.9236383,65.011682],[24.9211174,65.0116922],[24.8432115,65.0148499],[24.843207,65.0148501],[24.843207,65.0148501]],[[24.8973732,59.8346539],[24.9561059,59.8613331],[24.9842707,59.8772179],[25.0267624,59.8793593],[25.1137809,59.8821725],[25.1848752,59.8913548],[25.107732,59.85955],[25.0401394,59.8177522],[25.0336466,59.8115092],[24.9919529,59.821838],[24.8973732,59.8346539]],[[24.9282106,59.5111977],[24.9356494,59.5077086],[24.9650888,59.5058675],[24.9356494,59.5077086],[24.9356494,59.5077086],[24.9282106,59.5111977]],[[24.99685,60.1628766],[25,60.1669397],[25,60.1669397],[25.0256503,60.2000253],[25.0131622,60.2067195],[25.0256503,60.2000253],[25,60.1669397],[24.99685,60.1628766],[25,60.1613991],[25.0165119,60.1536543],[25,60.1613991],[24.99685,60.1628766]],[[25.0940509,64.9179102],[25.0940509,64.9179102],[25.2596526,64.8351699],[25.2596526,64.8351699],[25.0940509,64.9179102]],[[25.1552516,60.2321083],[25.2499379,60.2427286],[25.1552516,60.2321083],[25.1552516,60.2321083]],[[25.15851,59.5372074],[25.4108541,59.4908228],[25.4108541,59.4908228],[25.15851,59.5372074]],[[25.188546,60.1995737],[25.198452,60.1898938],[25.198452,60.1898938],[25.188546,60.1995737]],[[25.1912519,64.9668789],[25.2200522,64.990519],[25.4396544,64.9533703],[25.4396544,64.9533703],[25.2200522,64.990519],[25.1912519,64.9668789],[25.1912519,64.9668789]],[[25.2236522,64.8233499],[25.2539637,64.8333021],[25.2236524,64.8233499],[25.2236522,64.8233499]],[[25.3136531,60.2726341],[25.3136532,60.2726341],[25.3208532,60.2506826],[25.3208532,60.2506826],[25.3136531,60.2726341]],[[25.3154747,64.9259688],[25.3604536,64.9111559],[25.3604536,64.9111559],[25.3154747,64.9259688]],[[25.3283098,59.9252535],[25.3869373,59.9465113],[25.4178331,59.9600885],[25.4362478,59.9552905],[25.5421481,59.9402647],[25.6247131,59.9372381],[25.6031187,59.9363735],[25.5833483,59.9336282],[25.4961507,59.9387341],[25.3889408,59.9341712],[25.3283098,59.9252535]],[[25.352316,60.2503146],[25.3604536,60.2456169],[25.504455,60.2456169],[25.527873,60.267585],[25.504455,60.2456169],[25.3604536,60.2456169],[25.352316,60.2503146]],[[25.4180542,65.034422],[25.4180542,65.034422],[25.4213315,65.0221243],[25.4180542,65.034422]],[[25.4864549,59.669812],[25.6772568,59.5668088],[25.6993195,59.578098],[25.6772568,59.5668088],[25.4864549,59.669812],[25.497255,59.570186],[25.5440554,59.5347259],[25.5440554,59.5347259],[25.497255,59.570186],[25.4864549,59.669812]],[[25.5366185,60.2919863],[25.5404554,60.2793884],[25.5404554,60.2793884],[25.5366185,60.2919863]],[[25.5692557,60.2574369],[25.5800558,60.2962742],[25.6844568,60.2456169],[25.661714,60.2259232],[25.6844568,60.2456169],[25.5800558,60.2962742],[25.5692557,60.2574369],[25.5692557,60.2574369]],[[25.6083059,60.244005],[25.6232562,60.2388626],[25.6232562,60.2388626],[25.6083059,60.244005]],[[25.622917,60.3516565],[25.6700567,60.3638173],[25.7060571,60.3418658],[25.706057,60.3418658],[25.6700567,60.3638173],[25.622917,60.3516565]],[[25.6484565,60.2996514],[25.6484565,60.2996514],[25.7348573,60.2473055],[25.8201152,60.2610519],[25.7348573,60.2473055],[25.6484565,60.2996514]],[[25.6484565,60.3418658],[25.6484565,60.3418658],[25.6700567,60.3266686],[25.6700567,60.3266686],[25.6484565,60.3418658]],[[25.6700567,59.6563034],[25.695257,59.6715006],[25.695257,59.6715006],[25.6700567,59.6563034],[25.6700567,59.6563034]],[[25.6787782,59.6434018],[25.7168572,59.5870718],[25.7168572,59.5870718],[25.6787782,59.6434018]],[[25.7113217,59.9401082],[25.7611812,59.9433456],[25.8653671,59.961329],[25.9215279,59.9779859],[25.9855823,59.9781266],[26.0926887,59.9893067],[26.193227,60.0109597],[26.2831318,60.0422149],[26.3587377,60.0818121],[26.3600638,60.0828698],[26.4063962,60.1025979],[26.4049676,60.0728807],[26.4227637,60.0213987],[26.4634417,59.947275],[26.5023915,59.8967139],[26.5606808,59.8510782],[26.6092199,59.8260041],[26.3215706,59.8430081],[26.266815,59.8639428],[26.1698303,59.8873656],[26.0653237,59.9005391],[25.9657767,59.9027442],[25.9052215,59.9192175],[25.8074256,59.9346487],[25.7113217,59.9401082]],[[25.7498575,60.3100643],[25.7528575,60.3199143],[25.7528575,60.3199143],[25.9292593,60.2456169],[25.9292593,60.2456169],[25.7528575,60.3199143],[25.7498575,60.3100643]],[[25.7761163,59.6383148],[25.7816578,59.6360405],[25.7816578,59.6360405],[25.8248582,59.5752517],[25.8248582,59.5752517],[25.7816578,59.6360405],[25.7761163,59.6383148]],[[25.7774758,60.2870109],[25.8500585,60.2658798],[25.8500585,60.2658798],[25.7774758,60.2870109]],[[25.8428584,60.4026546],[25.9413214,60.362244],[25.8428585,60.4026545],[25.8428584,60.4026546]],[[25.8603102,60.3929098],[25.9184592,60.3604401],[25.9184592,60.3604401],[25.8603102,60.3929098]],[[25.8824588,60.3064057],[25.9007305,60.3338305],[25.8824588,60.3064057],[25.8854913,60.3024669],[25.8824588,60.3064057],[25.8824588,60.3064057]],[[25.8999834,59.6208209],[25.9436594,59.5955146],[25.9868599,59.6343519],[25.9942497,59.6308858],[25.9868599,59.6343519],[25.9436594,59.5955146],[25.8999834,59.6208209]],[[25.9184592,60.4853949],[26.1416614,60.3959003],[26.2748627,60.4026546],[26.257351,60.415923],[26.2748627,60.4026546],[26.1416614,60.3959003],[25.9184599,60.4853946],[25.9184592,60.4853949]],[[26.0120601,60.389146],[26.0323904,60.4010657],[26.0120601,60.389146],[26.0120601,60.389146]],[[26.0344063,60.4221772],[26.0408604,60.4060317],[26.0408604,60.4060317],[26.0344063,60.4221772]],[[26.0351586,60.3106165],[26.0408604,60.2996514],[26.1092611,60.3351115],[26.1092611,60.3351115],[26.0408604,60.2996514],[26.0351586,60.3106165]],[[26.2460625,60.4516233],[26.2460625,60.4516233],[26.2657129,60.4362617],[26.2460625,60.4516233]],[[26.4548645,60.4752634],[26.4614831,60.4949246],[26.4548645,60.4752634],[26.4872649,60.4431804],[26.4872649,60.4431804],[26.4872649,60.4431804],[26.4548645,60.4752634]],[[26.4764648,60.4870834],[26.5569753,60.55432],[26.4764648,60.4870834],[26.4764648,60.4870834]],[[26.4800758,60.483696],[26.5268653,60.4398033],[26.6168662,60.4533119],[26.6888669,60.4178518],[26.796868,60.4853949],[26.7950852,60.4711797],[26.796868,60.4853949],[26.6888669,60.4178518],[26.6168662,60.4533119],[26.5268653,60.4398033],[26.4800758,60.483696]],[[26.5088651,60.4026546],[26.5088651,60.4026546],[26.5376654,60.3773259],[26.5376654,60.3773259],[26.5088651,60.4026546]],[[26.5410468,59.5428595],[26.6636666,59.5516116],[26.8624679,59.4779959],[26.6636666,59.5516116],[26.5410468,59.5428595]],[[26.6097584,60.4426109],[26.6492665,60.4212289],[26.6492665,60.4212289],[26.6097584,60.4426109]],[[26.6999347,60.6194795],[26.7536675,60.5748895],[26.7536675,60.5748895],[26.6999347,60.6194795]],[[26.9156692,60.4752634],[26.9156692,60.4752634],[26.9624696,60.4465576],[26.9545691,60.4560277],[26.9624696,60.4465576],[26.9156692,60.4752634]],[[26.9300693,60.4853949],[26.9793412,60.4878276],[26.9300693,60.4853949],[26.9300693,60.4853949]],[[26.9840698,60.017659],[27,60.027848],[27.0236702,60.0429876],[27.0043448,60.0549363],[27.0236702,60.0429876],[27,60.027848],[26.9840698,60.017659],[26.9840698,60.017659]],[[26.9971177,59.4505113],[27,59.4505216],[27,59.4505216],[27.0041489,59.4505365],[27,59.4505216],[26.9971177,59.4505113]],[[27.0306788,59.7499622],[27.0380126,59.7499655],[27.143758,59.7608396],[27.2431712,59.7820659],[27.3322866,59.8128026],[27.3757323,59.8353539],[27.3878795,59.8264835],[27.4614881,59.7901947],[27.4827824,59.7831264],[27.4747949,59.772162],[27.4585462,59.7214449],[27.4600201,59.6978439],[27.1325332,59.7121804],[27.0306788,59.7499622]],[[27.1521098,60.5190959],[27.1784718,60.5124121],[27.1784718,60.5124121],[27.1521098,60.5190959]],[[27.1784718,60.5681351],[27.1784718,60.5681351],[27.1842908,60.5558528],[27.1784718,60.5681351]],[[27.1802753,60.513258],[27.200072,60.5225436],[27.200072,60.5225436],[27.1802753,60.513258]],[[27.2108721,60.5596923],[27.2108721,60.5596923],[27.2908314,60.5319112],[27.2108721,60.5596923]],[[27.2132546,60.5844498],[27.2144721,60.5850209],[27.2144721,60.5850209],[27.2132546,60.5844498]],[[27.2554879,60.5165246],[27.3080731,60.5259207],[27.3080731,60.5259207],[27.2554879,60.5165246]],[[27.4736747,60.5056578],[27.4900147,60.502093],[27.4736747,60.5056578],[27.4986682,60.4678835],[27.4736747,60.5056578]],[[27.6068761,60.5005921],[27.6320763,60.520855],[27.6760803,60.5196409],[27.6320763,60.520855],[27.6068761,60.5005921],[27.6068761,60.5005921]],[[27.6241093,60.4776897],[27.6284763,60.4718862],[27.6284763,60.4718862],[27.6241093,60.4776897]],[[27.6356764,60.4921492],[27.6356764,60.4921492],[27.7544775,60.5056578],[27.7424902,60.5632893],[27.7544775,60.5056578],[27.6356764,60.4921492]],[[27.7400774,60.5748895],[27.8084781,60.552938],[27.8084781,60.552938],[27.8156782,60.5276093],[27.8156782,60.5276093],[27.8084781,60.552938],[27.7400774,60.5748895],[27.7400774,60.5748895]],[[27.8397117,60.0247781],[27.8840788,60.0109046],[27.8840787,60.0109046],[27.8397117,60.0247781]],[[27.8969949,60.534284],[27.902079,60.5292979],[28.0376933,60.5366943],[27.902079,60.5292979],[27.8969949,60.534284]],[[27.9994724,59.7313229],[28.0064801,59.7576181],[28.0064801,59.7576181],[27.9994724,59.7313229]],[[28.0172802,59.48238],[28.0237564,59.4939231],[28.025628,59.4972589],[28.0172802,59.48238],[28.0172802,59.48238]],[[28.0362052,59.6339673],[28.0712807,59.5786289],[28.0712807,59.5786289],[28.0362052,59.6339673]],[[28.0601061,59.786201],[28.0856809,59.7998325],[28.0856809,59.7998325],[28.0601061,59.786201]],[[28.1451542,59.7759219],[28.1819647,59.7611227],[28.1864819,59.7593066],[28.1864819,59.7593066],[28.1451542,59.7759219]],[[28.1959054,59.7416264],[28.208472,59.7180493],[28.2084745,59.7180445],[28.2223091,59.6920883],[28.2224822,59.6917635],[28.3483822,59.6706733],[28.2224822,59.6917635],[28.1959054,59.7416264]],[[28.2484013,60.5708948],[28.2944829,60.6019067],[28.2944829,60.6019067],[28.2969122,60.6014998],[28.2944829,60.6019067],[28.2484013,60.5708948]],[[28.3232832,60.620481],[28.3232833,60.620481],[28.3448834,60.5934638],[28.3448834,60.5934638],[28.3232832,60.620481]],[[28.3763024,60.6234067],[28.3844838,60.6238582],[28.394417,60.6529775],[28.3844838,60.6238582],[28.3763024,60.6234067]],[[28.396435,59.6886668],[28.4168842,59.7086493],[28.421033,59.7488666],[28.4212886,59.7513439],[28.4243303,59.780829],[28.4243303,59.7808291],[28.4276843,59.8133411],[28.4430322,59.8260776],[28.4276843,59.8133411],[28.4168842,59.7086493],[28.396435,59.6886668]],[[28.4240842,60.3604401],[28.5176852,60.3384886],[28.5176852,60.3384886],[28.4240844,60.3604401],[28.4240842,60.3604401]],[[28.4384844,60.5596923],[28.4384844,60.5596923],[28.560516,60.4419758],[28.4384844,60.5596923]],[[28.503285,60.3114714],[28.509422,60.3229854],[28.503285,60.3114714],[28.503285,60.3114714]],[[28.5279335,60.5310616],[28.5428854,60.5107235],[28.6402995,60.4806086],[28.5428854,60.5107235],[28.5279335,60.5310616]],[[28.5428854,60.3469315],[28.7120871,60.2945856],[28.6940869,60.2608141],[28.6798355,60.262925],[28.6940869,60.2608141],[28.7120871,60.2945856],[28.5428854,60.3469315],[28.5428854,60.3469315]],[[28.5608856,60.6289239],[28.5876416,60.639382],[28.5608856,60.6289239],[28.5608856,60.6289239]],[[28.5645118,60.6165927],[28.5752858,60.5799552],[28.5752858,60.5799552],[28.5645118,60.6165927]],[[28.587668,60.5846741],[28.6328863,60.6019067],[28.604086,60.6458097],[28.604086,60.6458097],[28.6328863,60.6019067],[28.587668,60.5846741]],[[28.611349,60.7004023],[28.6904869,60.7386815],[28.7306962,60.6962466],[28.6904869,60.7386815],[28.611349,60.7004023]],[[28.6580866,60.5934638],[28.6868869,60.6154153],[28.6651838,60.6425612],[28.6868869,60.6154153],[28.6580866,60.5934638],[28.659981,60.5623632],[28.6580866,60.5934638]],[[28.7159598,60.3509987],[28.7480875,60.3418658],[28.7480875,60.3418658],[28.7159598,60.3509987]],[[28.8997348,59.8067189],[28.9676897,59.8268497],[28.996868,59.8520606],[28.9676897,59.8268497],[28.8997348,59.8067189]],[[28.9784898,59.9298529],[28.9898344,59.9343394],[28.9784898,59.9298529],[28.9784898,59.9298529]],[[29.0025584,59.8569773],[29.0360904,59.8859499],[29.0343465,59.8872791],[29.0360904,59.8859499],[29.0360904,59.8859499],[29.0025584,59.8569773]],[[29.4908207,60.191354],[29.5256953,60.2017139],[29.688731,60.2001532],[29.5256953,60.2017139],[29.4908207,60.191354]],[[29.7205626,60.1958003],[29.8496985,60.1662538],[29.8596707,60.1599059],[29.900099,60.1341708],[29.900099,60.1341708],[29.8907443,60.1401256],[29.8596706,60.1599059],[29.8496985,60.1662538],[29.8142317,60.1743686],[29.8142105,60.1743735],[29.7205626,60.1958003]],[[29.7288296,59.9472059],[29.802898,59.9399844],[29.864173,59.9279133],[29.802898,59.9399844],[29.7288296,59.9472059]],[[29.8892989,60.1003992],[29.8934313,60.1133211],[29.8980571,60.1277859],[29.8892989,60.1003992],[29.8892989,60.1003992]],[[29.9154635,60.0681843],[29.9468995,60.029479],[30.0452835,60.0116876],[29.9468995,60.029479],[29.9154635,60.0681843]],[[30.2044881,59.9224933],[30.2457024,59.9754445],[30.2457025,59.9754445],[30.2044881,59.9224933]],[[35.2011291,64.390953],[35.3073531,64.3724997],[35.3073531,64.3724997],[35.2011291,64.390953]],[[35.4412825,65.1215816],[35.4428623,65.1266005],[35.4466467,65.1314062],[35.4525034,65.1358291],[35.4602266,65.1397129],[35.4695441,65.1429205],[35.6496318,65.1936208],[35.6601616,65.1960097],[35.6715676,65.1975374],[35.6834533,65.1981505],[35.6954053,65.1978277],[35.7963052,65.1910662],[35.8093055,65.1895908],[35.8212873,65.187011],[35.8317239,65.1834404],[35.840157,65.179036],[35.8462172,65.1739914],[35.9132296,65.0995096],[35.9167091,65.0938174],[35.9171762,65.0879439],[35.9146108,65.0821681],[35.9091365,65.0767641],[35.9038641,65.072816],[35.8979838,65.0692784],[35.8979835,65.0692782],[35.8979835,65.0692782],[35.8781246,65.0676343],[35.8730042,65.0669743],[35.8552141,65.0749544],[35.8462348,65.0782916],[35.8359379,65.0808658],[35.8246842,65.0825868],[35.8128681,65.0833942],[35.800904,65.0832597],[35.7892116,65.082188],[35.7868441,65.0817641],[35.786844,65.0817638],[35.7825578,65.0681936],[35.8086498,65.0564874],[35.7324342,64.9993257],[35.7324342,64.9993257],[35.7322451,65],[35.7322451,65],[35.7249572,65.0259791],[35.6998839,65.0298993],[35.6998823,65.0298996],[35.6998818,65.0298996],[35.6767841,65.0125493],[35.6714995,65.0073575],[35.6688956,65.001813],[35.6690853,64.9961597],[35.6691168,64.9960482],[35.6796951,64.9586519],[35.6691168,64.9960482],[35.6691048,64.9960715],[35.6690596,64.9961588],[35.6661513,65.0064441],[35.5408637,65.0260099],[35.5282956,65.0286594],[35.5173983,65.0324027],[35.5086978,65.0370592],[35.5026151,65.0424043],[35.4448751,65.111613],[35.4419618,65.1165263],[35.4412825,65.1215816]],[[35.5076454,64.313388],[35.5881559,64.3218424],[35.6080705,64.3346861],[35.5881559,64.3218424],[35.5076454,64.313388]],[[35.5809558,64.411337],[35.8113581,64.3421053],[35.8993594,64.2658335],[35.8113581,64.3421053],[35.5809558,64.411337],[35.5809558,64.411337]],[[35.5900872,64.3933482],[35.6169562,64.3404168],[35.6169562,64.3404168],[35.5900872,64.3933482]],[[35.7429574,64.9618132],[35.7610863,64.967373],[35.7429574,64.9618132],[35.7429574,64.9618132]],[[35.8545585,64.4028941],[35.9445594,64.4045827],[35.9926865,64.3836214],[35.9445594,64.4045827],[35.8545586,64.4028941],[35.8545585,64.4028941]],[[35.8905589,65.0411763],[35.998575,65.0501171],[35.8905591,65.0411763],[35.8905589,65.0411763]],[[35.9247748,64.3577616],[35.9517595,64.3404168],[36.0348761,64.35841],[35.9517595,64.3404168],[35.9247748,64.3577616]],[[35.9409594,65.154311],[35.9913599,65.1914597],[36.0191743,65.1795995],[35.9913599,65.1914597],[35.9409594,65.154311],[35.9409594,65.154311]],[[36.0103616,65.0421666],[36.0129601,65.0513078],[36.0129601,65.0513078],[36.0103616,65.0421666]],[[36.0163979,65.1371245],[36.0669607,65.1256052],[36.0669607,65.1256052],[36.0163979,65.1371245]],[[36.0415847,64.2143912],[36.0597606,64.2188392],[36.2289623,64.1360989],[36.2289623,64.1360989],[36.0597606,64.2188392],[36.0415847,64.2143912]],[[36.0831565,65.1292136],[36.2109619,65.1576882],[36.2109621,65.1576882],[36.0831565,65.1292136]],[[36.2217622,64.0753101],[36.225487,64.1067574],[36.2217622,64.0753101],[36.2829628,64.0466043],[36.2649626,64.0246528],[36.2937629,64.0094556],[36.4913224,63.9688134],[36.2937629,64.0094556],[36.2649626,64.0246528],[36.2829628,64.0466043],[36.2217622,64.0753101]],[[36.4413644,64.9162216],[36.4521877,64.9241991],[36.4413644,64.9162216],[36.4413644,64.9162216]],[[36.4619142,64.8911608],[36.495365,64.8503671],[36.5709657,64.8301042],[36.5709656,64.8301042],[36.495365,64.8503671],[36.4619142,64.8911608]],[[36.502565,64.8351699],[36.521836,64.8337427],[36.502565,64.8351699],[36.502565,64.8351699]],[[36.5601656,64.7169695],[36.5764929,64.7159618],[36.5601656,64.7169695],[36.5601656,64.7169695]],[[36.696967,64.7085266],[36.696967,64.7085266],[36.7544235,64.6660466],[36.696967,64.7085266]],[[36.6979011,64.9245371],[36.8085681,64.958436],[36.8059022,64.9715654],[36.8085681,64.958436],[36.6979011,64.9245371]],[[36.8193682,65.1475567],[37,65.1719964],[37.0026419,65.1723539],[37,65.1719964],[36.8193682,65.1475567],[36.8661687,65.0766365],[36.8543234,65.0615119],[36.8661687,65.0766365],[36.8193682,65.1475567]],[[37.0001915,63.9024671],[37.0101701,63.8980095],[37.1937719,63.8912552],[37.2801728,63.8220235],[37.3574096,63.8072032],[37.2801728,63.8220235],[37.1937719,63.8912552],[37.0101701,63.8980095],[37.0001915,63.9024671]],[[37.2377939,64.3654273],[37.3377734,64.3404168],[37.4745747,64.3826312],[37.4745747,64.3826312],[37.3377734,64.3404168],[37.2377939,64.3654273]],[[37.4543935,65.0864672],[37.6725767,65.0361106],[37.6862564,65.0134065],[37.6725767,65.0361106],[37.4543935,65.0864672]],[[37.4771822,64.3825459],[37.6293763,64.3775655],[37.6456563,64.3928375],[37.6293763,64.3775655],[37.4771822,64.3825459]],[[37.5271614,63.8040061],[37.6077761,63.8152692],[37.6104528,63.8397515],[37.6077761,63.8152692],[37.5271614,63.8040061]],[[37.6149761,63.8811237],[37.6149761,63.8811237],[37.6581766,63.8980095],[37.7439898,63.8997223],[37.6581766,63.8980095],[37.6149761,63.8811237]],[[37.7047153,64.9827703],[37.7193772,64.958436],[37.7949779,64.9212873],[37.9330749,64.8842738],[37.7949779,64.9212873],[37.7193772,64.958436],[37.7047153,64.9827703]],[[37.7481775,64.4417314],[37.7481775,64.4417314],[37.7533769,64.4402072],[37.7481775,64.4417314]],[[37.798578,64.3775655],[37.8057781,64.4248456],[37.8057781,64.4248456],[37.798578,64.3775655],[37.8193485,64.3656582],[37.798578,64.3775655]],[[37.902979,64.2391021],[37.9289465,64.2482371],[37.9029791,64.2391021],[37.902979,64.2391021]],[[37.9101791,64.3437939],[37.9569794,64.3640568],[37.9569796,64.3640568],[37.9101791,64.3437939],[37.9101791,64.3437939]],[[37.9680925,64.1978716],[38.0469805,64.147919],[38.0865809,64.0584244],[38.0789391,64.0369184],[38.0865809,64.0584244],[38.0469805,64.147919],[37.9680925,64.1978716]],[[37.9857799,63.9452897],[38.0457131,63.9956558],[37.9857799,63.9452897],[37.9857799,63.9452897]],[[38.0469805,64.6460493],[38.1261813,64.6967066],[38.1261813,64.6967066],[38.0469806,64.6460493],[38.0469805,64.6460493]],[[38.0469805,64.7439867],[38.0469805,64.7439867],[38.0664501,64.732364],[38.0469805,64.7439867]],[[38.0575667,64.7658345],[38.0649806,64.7811354],[38.0649806,64.7811354],[38.0575667,64.7658345]],[[38.1442268,64.6674303],[38.1621816,64.6713779],[38.1621816,64.6713779],[38.1442268,64.6674303]],[[38.1709556,64.6896031],[38.1873819,64.7237238],[38.3385834,64.7591839],[38.4717847,64.7439867],[38.4810266,64.7541014],[38.4717847,64.7439867],[38.3385834,64.7591839],[38.1873819,64.7237238],[38.1709556,64.6896031]],[[38.3673837,64.8098412],[38.3673837,64.8098412],[38.403384,64.7743811],[38.4033839,64.7743811],[38.3673837,64.8098412]],[[38.4177842,64.8030869],[38.4465845,64.8182841],[38.771997,64.7525155],[38.4465845,64.8182841],[38.4177842,64.8030869],[38.4177842,64.8030869]],[[39.0951399,64.6872055],[39.3321933,64.6392949],[39.5661957,64.5447346],[39.9225992,64.6038348],[39.9225992,64.6038348],[39.5661957,64.5447346],[39.3321933,64.6392949],[39.0951399,64.6872055]],[[39.7101971,65.470075],[39.7101971,65.470075],[39.7199858,65.4358949],[39.7101971,65.470075]],[[39.7283055,65.5079103],[39.7497975,65.5528152],[39.8253983,65.6068497],[40.4734047,65.8128561],[40.7110071,65.9715824],[41,66.0134094],[41,66.0134094],[41.2190946,66.0451198],[41,66.0134094],[40.7110071,65.9715824],[40.4734047,65.8128561],[39.8253983,65.6068497],[39.7497975,65.5528152],[39.7283055,65.5079103]],[[39.7857979,64.5970805],[39.8505985,64.6764436],[39.9960293,64.6394465],[39.8505985,64.6764436],[39.7857979,64.5970805],[39.7857979,64.5970805]],[[39.8253983,64.6798208],[39.8613535,64.6886364],[39.8253983,64.6798208],[40.0558006,64.6528036],[40.17811,64.583667],[40.0558006,64.6528036],[39.8253983,64.6798208]],[[40.0486005,64.7693154],[40.0486005,64.7693154],[40.1458015,64.7338553],[40.2265715,64.6906667],[40.2265708,64.690667],[40.1458015,64.7338553],[40.0486005,64.7693154]],[[40.0799974,64.7696882],[40.3330033,64.7726925],[40.3865531,64.725102],[40.3330033,64.7726925],[40.0799974,64.7696882]],[[40.0887286,64.6085132],[40.1818018,64.5582432],[40.3420206,64.5501626],[40.1818018,64.5582432],[40.0887286,64.6085132]],[[40.1134011,65.0749479],[40.176141,65.0535459],[40.1134011,65.0749479],[40.1134011,65.0749479]],[[40.1186422,64.7120005],[40.1890019,64.7085266],[40.1947043,64.7058158],[40.1890019,64.7085266],[40.1186422,64.7120005]],[[40.2880581,65.0061727],[40.2948651,65],[40.3197703,64.9774154],[40.2948651,65],[40.2948651,65],[40.2880581,65.0061727]],[[40.3367188,64.6383045],[40.3367188,64.6383045],[40.4001561,64.6081475],[40.3367188,64.6383045]],[[40.401404,64.7119038],[40.401404,64.7119038],[40.4021148,64.6982346],[40.401404,64.7119038]],[[40.4132931,64.7369618],[40.4158042,64.7558068],[40.4158042,64.7558068],[40.4132931,64.7369618]],[[40.4311386,64.8221481],[40.4374044,64.8098412],[40.4374044,64.8098412],[40.4311386,64.8221481]],[[40.4684316,64.6554391],[40.5274053,64.5785062],[40.5166052,64.5413575],[40.5166052,64.5413575],[40.5274053,64.5785062],[40.4684316,64.6554391]],[[40.5166052,64.7743811],[40.5166052,64.7743811],[40.5200001,64.7552725],[40.5166052,64.7743811]],[[42.1546215,66.5271243],[42.1546215,66.5271243],[42.6442264,66.4528269],[42.6555565,66.4315697],[42.6442264,66.4528269],[42.1546215,66.5271243]],[[42.4282243,66.7517051],[42.503825,66.7787223],[42.6442264,66.7415736],[42.6802268,66.6824734],[42.6802268,66.6824734],[42.6442264,66.7415736],[42.503825,66.7787223],[42.4282243,66.7517051],[42.4413728,66.7410152],[42.4282243,66.7517051]],[[42.5157676,66.6990615],[42.6442264,66.6655877],[42.6646457,66.6751652],[42.6442264,66.6655877],[42.5157676,66.6990615]],[[42.5470255,66.3852838],[42.5470256,66.3852839],[42.8672942,66.4024519],[42.5470255,66.3852838]],[[43.2742327,68.6581088],[43.3174332,68.6665517],[43.4758348,68.6682403],[43.4758348,68.6682403],[43.4926453,68.6643817],[43.4758348,68.6682403],[43.3174332,68.6665517],[43.2742328,68.6581088],[43.2742327,68.6581088]],[[43.303033,66.1016029],[43.5330603,66.1815236],[43.303033,66.1016029],[43.303033,66.1016029]],[[43.303033,66.4258097],[43.303033,66.4258097],[43.3253021,66.3985361],[43.303033,66.4258097]],[[43.3109048,66.0921086],[43.3534335,66.0408141],[43.3534335,66.0408141],[43.3109048,66.0921086]],[[43.3822338,66.0712085],[43.3822338,66.0712085],[43.4277667,66.0597086],[43.3822338,66.0712085]],[[43.3986932,66.0392416],[43.4506345,66.0374369],[43.4682548,66.0204484],[43.4506345,66.0374369],[43.3986932,66.0392416]],[[43.4110341,66.0982257],[43.4110341,66.0982257],[43.4266111,66.1029092],[43.4110341,66.0982257]],[[43.5154352,65.9749596],[43.5202241,66.0153914],[43.5154352,65.9749596],[43.5154352,65.9749596]],[[43.6748624,66.2597783],[43.6918369,66.236689],[43.6918369,66.236689],[43.6748624,66.2597783]],[[43.7602376,67.2211296],[43.7602376,67.2211296],[43.7793681,67.2055763],[43.7602376,67.2211296]],[[43.7733486,66.1845662],[43.8358384,66.1860317],[44.0446404,66.0813399],[44.0357937,66.0489738],[44.0446404,66.0813399],[43.8358384,66.1860317],[43.7733486,66.1845662]],[[43.8142381,67.1772266],[43.9194942,67.1702642],[43.8142381,67.1772266],[43.8142381,67.1772266]],[[44.0004997,67.5746814],[44.00144,67.5757308],[44.00144,67.5757308],[44.00144,67.5757308],[44.0004997,67.5746814]],[[44.0410404,67.6804226],[44.0410404,67.6804226],[44.1454415,67.678734],[44.1431491,67.6970131],[44.1454415,67.678734],[44.0410404,67.6804226]],[[44.0698407,67.7141942],[44.0698407,67.7141942],[44.1067758,67.7107293],[44.0698407,67.7141942]],[[44.0878409,67.8847405],[44.0878409,67.8847405],[44.120384,67.8147797],[44.0878409,67.8847405]],[[44.0893019,66.2072829],[44.095041,66.2620177],[44.2354424,66.4477612],[44.2944515,66.4762299],[44.2354424,66.4477612],[44.095041,66.2620177],[44.0893019,66.2072829]],[[44.1165462,66.1279876],[44.1598416,66.0864057],[44.1598416,66.0864057],[44.1165462,66.1279876]],[[44.1238412,67.9337092],[44.1238412,67.9337092],[44.2678427,67.9269549],[44.2678427,67.9269549],[44.1238412,67.9337092],[44.1238412,67.9337092]],[[44.1322925,67.9584843],[44.1382414,67.9759236],[44.2138419,67.9894322],[44.2138421,67.9894322],[44.1382414,67.9759236],[44.1322925,67.9584843]],[[44.1382414,67.994498],[44.1382415,67.994498],[44.1611832,67.9929607],[44.1382414,67.994498]],[[44.1505502,67.1380197],[44.2858429,67.087732],[44.3794438,67.1046178],[44.3794437,67.1046177],[44.2858429,67.087732],[44.1505502,67.1380197]],[[44.2134478,68.013528],[44.2134478,68.013528],[44.4118438,68.0637296],[44.4118441,68.0637296],[44.2134478,68.013528],[44.2134478,68.013528]],[[44.2282423,68.2967533],[44.2282423,68.2967533],[44.2363007,68.2740747],[44.2282423,68.2967533]],[[44.3650437,66.7820995],[44.4658447,66.8192482],[44.479405,66.8892125],[44.4658447,66.8192482],[44.3650437,66.7820995],[44.465771,66.6945562],[44.3650437,66.7820995]],[[44.4607779,66.9579054],[44.5234452,66.9188743],[44.5234452,66.9188743],[44.4607779,66.9579054]],[[44.5253626,66.6706377],[44.5630456,66.6655877],[44.5630455,66.6655877],[44.5253626,66.6706377]],[[44.5457516,68.5488538],[45,68.5465316],[45,68.5465316],[45.1104168,68.5459671],[45,68.5465316],[44.5457516,68.5488538]],[[44.9122491,67.371413],[44.9175752,67.4226256],[44.9122491,67.371413],[44.9122491,67.371413]],[[44.9145538,67.3684648],[44.9518495,67.3207556],[45,67.3036224],[45,67.3036224],[45.0562506,67.2836069],[45.5926559,67.1586522],[45.7332255,67],[45.7332255,67],[45.8230582,66.8986113],[46.0246602,66.8327568],[46.2154773,66.8467051],[46.0246602,66.8327568],[45.8230582,66.8986113],[45.7332255,67],[45.5926559,67.1586522],[45.0562506,67.2836069],[45,67.3036224],[44.9518495,67.3207556],[44.9145538,67.3684648]],[[44.9771522,67.4893621],[45,67.5086521],[45.0096297,67.5167823],[45,67.5086521],[44.9771522,67.4893621]],[[45.1039975,67.561118],[45.1642516,67.5841737],[45.1642516,67.5841737],[45.1039975,67.561118]],[[45.1710168,67.5845515],[45.3154532,67.5926166],[45.3154532,67.5926166],[45.1710168,67.5845515]],[[45.3082531,67.7125056],[45.32879,67.7213356],[45.3082531,67.7125056],[45.3082531,67.7125056]],[[45.328405,67.6896628],[45.3514535,67.6635368],[45.3514535,67.6635368],[45.328405,67.6896628]],[[45.8416843,67.4159991],[45.8824772,67.4329001],[45.9603101,67.4839452],[45.972657,67.4986763],[46.8069992,67.5507389],[46.9359059,67.5632361],[47.0566221,67.5846649],[47.1299005,67.6047157],[47.1191284,67.5602193],[47.1331448,67.508071],[47.1635445,67.4699838],[47.111798,67.4287263],[47.0769924,67.3721377],[47.074861,67.3214533],[47.0523854,67.3058938],[47.011477,67.2588304],[46.9936475,67.2096734],[46.9993641,67.1600951],[47.0000373,67.1589727],[46.7841273,67.1296483],[46.7169937,67.1376286],[46.5867405,67.1430027],[46.4562036,67.1386468],[46.3500096,67.1310427],[46.2503688,67.246275],[46.2023799,67.2888483],[46.1360127,67.3275718],[46.0531896,67.3612759],[45.9563608,67.3889379],[45.8416843,67.4159991]],[[46.0109824,68.3494922],[46.0282603,68.3237705],[46.5350476,68.1332687],[46.0282603,68.3237705],[46.0109824,68.3494922]],[[46.4062641,66.7466394],[46.4271304,66.7564266],[46.4062642,66.7466394],[46.4062641,66.7466394]],[[46.4409136,66.7602381],[46.5826658,66.815871],[46.8717559,66.8553708],[46.5826658,66.815871],[46.4409136,66.7602381]],[[46.4602646,68.1110098],[46.4602646,68.1110098],[46.4816332,68.1080865],[46.4602646,68.1110098]],[[46.5554472,67.8179396],[46.697867,67.8171974],[46.697867,67.8171974],[46.5554472,67.8179396]],[[46.588071,66.8584993],[46.600666,66.8378225],[46.600666,66.8378225],[46.588071,66.8584993]],[[46.6058119,67.9888432],[46.6402664,67.9691693],[46.7122671,67.874609],[46.7028256,67.8369667],[46.7122671,67.874609],[46.6402664,67.9691693],[46.6058119,67.9888432]],[[46.8,55],[47.0666667,55.4],[47.2,55.6],[47.3333333,55.8],[47.4666667,56],[47.6,56.2],[47.8375,56.25],[48.075,56.3],[48.3125,56.35],[48.55,56.4],[48.7875,56.45],[49.025,56.5],[49.2625,56.55],[49.5,56.6],[49.9444444,56.5777778],[50.1666667,56.5666667],[50.3888889,56.5555556],[50.6111111,56.5444444],[50.8333333,56.5333333],[51.0555556,56.5222222],[51.5,56.5],[52.5625,56.0625],[52.775,55.975],[52.9875,55.8875],[53.2,55.8],[53.2333333,55.5833333],[53.2666667,55.3666667],[53.3,55.15],[53.3333333,54.9333333],[53.3666667,54.7166667],[53.4,54.5],[53.25,54.3166667],[52.95,53.95],[52.8,53.7666667],[52.65,53.5833333],[52.5,53.4],[52.2777778,53.3444444],[52.0555556,53.2888889],[52.0555556,53.2888889],[51.8333333,53.2333333],[51.6111111,53.1777778],[51.3888889,53.1222222],[51.1666667,53.0666667],[50.9444444,53.0111111],[50.9444444,53.0111111],[50.7222222,52.9555556],[50.5,52.9],[50.0555556,52.9444444],[49.8333333,52.9666667],[49.1666667,53.0333333],[48.9444444,53.0555556],[48.5,53.1],[48.3,53.2166667],[48.1,53.3333333],[47.9,53.45],[47.7,53.5666667],[47.5,53.6833333],[47.3,53.8],[47.2166667,54],[47.1333333,54.2],[47.05,54.4],[46.9666667,54.6],[46.8,55]],[[47.1907845,66.8989612],[47.4106741,66.9290057],[47.5582756,66.9053656],[47.5582756,66.9053656],[47.4106741,66.9290057],[47.1907845,66.8989612]],[[47.5599901,66.9005406],[47.5726757,66.8648398],[47.5726757,66.8648398],[47.5599901,66.9005406]],[[47.5845442,66.8747364],[47.6050761,66.891857],[47.6050761,66.9458915],[47.6927489,67],[47.6927489,67],[47.7010379,67.0051157],[47.6927489,67],[47.6050761,66.9458915],[47.6050761,66.891857],[47.5845442,66.8747364]],[[47.6878769,67.1958009],[47.7663197,67.2391643],[47.6878769,67.1958009],[47.6878769,67.1958009]],[[47.7465888,67.0899867],[47.7490775,67.1215035],[47.7490775,67.1215035],[47.7465888,67.0899867]],[[47.7706777,67.3376414],[47.9470795,67.4440218],[47.9018234,67.4871004],[47.9470795,67.4440218],[47.7706777,67.3376414],[47.7706777,67.3376414]],[[47.7777734,67.3036936],[47.7886779,67.251524],[47.7886779,67.251524],[47.7777734,67.3036936]],[[47.8375502,67.5846837],[47.8462785,67.6010595],[47.8462785,67.6010595],[47.8375502,67.5846837]],[[48.0730807,67.6044366],[48.098281,67.6398968],[48.098281,67.6398968],[48.0730807,67.6044366],[48.0946809,67.5926166],[48.0946809,67.5926166],[48.0730807,67.6044366]],[[48.2454227,67.6758909],[48.2566826,67.6821112],[48.2566826,67.6821112],[48.2454227,67.6758909]],[[48.340214,67.6753771],[48.4870849,67.6635368],[48.699487,67.7158827],[48.7426874,67.7006855],[48.7426873,67.7006855],[48.699487,67.7158827],[48.4870849,67.6635368],[48.340214,67.6753771]],[[48.703087,67.6939312],[48.7030871,67.6939312],[48.9262893,67.6871769],[48.9455652,67.6817522],[48.9262893,67.6871769],[48.703087,67.6939312]],[[48.7288788,67.9115149],[48.8434884,67.8644775],[49,67.8635712],[49.0427249,67.8633238],[49,67.8635712],[48.8434884,67.8644775],[48.7288788,67.9115149]],[[48.7786878,67.7277028],[48.7817739,67.7497775],[48.7786878,67.7277028],[48.8183474,67.7283442],[48.7786878,67.7277028]],[[48.7866297,67.8338919],[48.7930879,67.830706],[48.7930879,67.830706],[48.7930879,67.830706],[48.7866297,67.8338919]],[[48.9622896,67.6534054],[48.99829,67.666914],[48.99829,67.666914],[48.9622897,67.6534054],[48.9622897,67.6534054],[48.9622896,67.6534054]],[[48.9785392,67.6483242],[48.9946899,67.6432739],[49,67.6431132],[49.031077,67.6421728],[49,67.6431132],[48.9946899,67.6432739],[48.9785392,67.6483242]],[[49.0446366,67.6646176],[49.1062911,67.6398968],[49.1062909,67.6398968],[49.0446366,67.6646176]],[[49.6788989,68.0083868],[49.9738997,68.0873697],[50.002031,68.0895689],[49.9738997,68.0873697],[49.6788989,68.0083868]],[[49.8478985,68.0164495],[49.9810998,68.0620411],[50.0116761,68.0864219],[49.9810998,68.0620411],[49.8478986,68.0164495],[49.8478985,68.0164495]],[[49.9343248,68.040018],[50.0027,68.0586639],[50.200702,68.1684214],[50.4347043,68.2207673],[50.6849895,68.3357165],[50.4347043,68.2207673],[50.200702,68.1684214],[50.0027,68.0586639],[50.0027,68.0586639],[49.9343248,68.040018]],[[50.7911079,68.3794936],[50.7911079,68.3794936],[51,68.4220131],[51.1727117,68.4571682],[51.3688036,68.4686651],[51.1727117,68.4571682],[51,68.4220131],[50.7911079,68.3794936]],[[50.8083613,68.3901611],[50.8703087,68.4284623],[51,68.459602],[51,68.459602],[51.0408353,68.4694068],[51,68.459602],[50.8703087,68.4284623],[50.8083613,68.3901611]],[[51.1622122,68.3680799],[51.5687156,68.4352166],[51.5687157,68.4352166],[51.1622122,68.3680799]],[[51.2457556,68.4981345],[51.298713,68.4960054],[51.4607146,68.4740539],[51.4607145,68.4740539],[51.298713,68.4960054],[51.2457556,68.4981345]],[[51.4103141,71.8056169],[51.4107534,71.8035051],[51.4103141,71.8056169],[51.4103141,71.8056169]],[[51.5123644,71.6506377],[51.5507155,71.6131191],[51.5507155,71.6131191],[51.5123644,71.6506377]],[[51.6562477,71.5215302],[51.8387184,71.4560814],[52.1060483,71.4684148],[51.8387184,71.4560814],[51.6562477,71.5215302]],[[52.0583206,68.5162684],[52.0583206,68.5162684],[52.2059221,68.5601714],[52.2059221,68.5601714],[52.0583206,68.5162684]],[[52.1327775,68.4975152],[52.1771218,68.5044483],[52.3607236,68.4757425],[52.3607236,68.4757425],[52.1771218,68.5044483],[52.1327775,68.4975152]],[[52.1339213,68.3794936],[52.2064812,68.3991576],[52.1339213,68.3794936],[52.2491225,68.3170162],[52.3285541,68.3276611],[52.2491225,68.3170162],[52.1339213,68.3794936]],[[52.1411214,71.545576],[52.2132634,71.5697459],[52.1411214,71.545576],[52.1411214,71.545576]],[[52.1975277,68.5838631],[52.2167222,68.5855],[52.2167222,68.5855],[52.1975277,68.5838631]],[[52.2131221,71.3074866],[52.2131221,71.3074866],[52.2237847,71.3027419],[52.2131221,71.3074866]],[[52.2340875,71.3279734],[52.2563226,71.349701],[52.4506757,71.377289],[52.2563226,71.349701],[52.2340875,71.3279734]],[[52.2671227,71.5877904],[52.2671227,71.5877904],[52.2759218,71.5423915],[52.2671227,71.5877904]],[[52.2779228,68.5973201],[52.2779228,68.5973201],[52.4044999,68.5876925],[52.2779228,68.5973201]],[[52.3747798,71.5267865],[52.4147241,71.4763443],[52.4147241,71.4763443],[52.3747798,71.5267865]],[[52.4111241,68.5871886],[52.4939249,68.6395345],[52.5187768,68.6428223],[52.4939249,68.6395345],[52.4111241,68.5871886],[52.4111241,68.5871886]],[[52.4605138,71.24677],[52.5587256,71.2483864],[52.6677291,71.2093435],[52.5587256,71.2483864],[52.4605138,71.24677]],[[52.4903249,68.5922543],[52.497525,68.6192716],[52.497525,68.6192716],[52.4903249,68.5922543],[52.4903249,68.5922543]],[[52.5479255,71.6350706],[52.5479255,71.6350706],[52.5641032,71.5971303],[52.5479255,71.6350706]],[[52.5592609,68.6242356],[52.6235262,68.629403],[52.6235262,68.629403],[52.5592609,68.6242356]],[[52.5731257,71.5759704],[52.6451265,71.545576],[52.6091261,71.4679014],[52.6091261,71.4679014],[52.6451265,71.545576],[52.5731257,71.5759704],[52.5731257,71.5759704]],[[52.5950857,71.3752751],[52.7207272,71.349701],[52.7207272,71.349701],[52.5950857,71.3752751]],[[52.6014064,68.3997486],[52.6775268,68.4233966],[52.7315273,68.4740539],[52.7315273,68.4740539],[52.6775268,68.4233966],[52.6014064,68.3997486]],[[52.6883269,71.3969812],[52.6883269,71.3969812],[52.7092961,71.3663819],[52.6883269,71.3969812]],[[52.7171272,71.4898529],[52.7171272,71.4898529],[52.7387274,71.4425728],[52.7747848,71.4366902],[52.7387274,71.4425728],[52.7171272,71.4898529]],[[52.7567276,71.1774661],[52.7567276,71.1774661],[52.799928,71.0930373],[52.8535262,71.0807596],[52.799928,71.0930373],[52.7567276,71.1774661]],[[52.7711277,71.3784068],[52.7711284,71.3784065],[52.8755288,71.3328152],[52.8755287,71.3328152],[52.7711277,71.3784068]],[[52.7783278,71.3193066],[52.7783278,71.3193066],[52.8490108,71.2991627],[52.7783278,71.3193066]],[[52.796328,71.4645243],[52.8215282,71.46959],[52.8215282,71.46959],[52.796328,71.4645243],[52.796328,71.4645243]],[[52.7976436,68.753567],[53,68.8056465],[53,68.8056465],[53.4371344,68.9181497],[54.0379369,68.9927895],[53.4371344,68.9181497],[53,68.8056465],[52.7976436,68.753567]],[[52.8098807,71.3924249],[52.8827288,71.3784068],[53,71.2958987],[53.0195302,71.2821579],[53.0195301,71.2821579],[53,71.2958987],[52.8827288,71.3784068],[52.8098807,71.3924249]],[[52.8101774,71.4450362],[52.8215282,71.4290641],[52.8215282,71.4290642],[52.8101774,71.4450362]],[[52.9585831,71.4175992],[53,71.4307007],[53.0375304,71.4425728],[53.0375304,71.4425728],[53,71.4307007],[52.9585831,71.4175992]],[[53.0051737,71.0130397],[53.0159302,71.0035427],[53.0155396,71.0016194],[53.0159302,71.0035427],[53.0051737,71.0130397]],[[53.0087301,70.9680826],[53.0092989,70.9708837],[53.0087301,70.9680826],[53.1081788,70.9875183],[53.0087301,70.9680826]],[[53.0087301,71.4830986],[53.0087301,71.4830986],[53.0087301,71.4830986],[53.0091558,71.4824996],[53.0087301,71.4830986]],[[53.0243842,71.4953361],[53.0303303,71.4999844],[53.0364124,71.4942788],[53.0303303,71.4999844],[53.0243842,71.4953361]],[[53.0402956,71.2446486],[53.0627306,71.2382549],[53.1563314,71.2433206],[53.1563316,71.2433206],[53.0627306,71.2382549],[53.0402956,71.2446486]],[[53.0411304,71.0339371],[53.0441538,71.0502454],[53.0411304,71.0339371],[53.0411304,71.0339371]],[[53.0807308,71.2568293],[53.0807309,71.2568293],[53.1154084,71.2506329],[53.0807308,71.2568293]],[[53.1054382,71.0071253],[53.1225282,71],[53.1225282,71],[53.1383314,70.9934112],[53.1383314,70.9934112],[53.1225282,71],[53.1054382,71.0071253]],[[53.1465638,71.4536726],[53.2067321,71.5101159],[53.3471335,71.5675275],[53.4443344,71.545576],[53.4443344,71.545576],[53.3471335,71.5675275],[53.2067321,71.5101159],[53.1465638,71.4536726]],[[53.1491076,71.2670339],[53.1599316,71.2686493],[53.166856,71.2670254],[53.1599316,71.2686493],[53.1491076,71.2670339]],[[53.1497686,71.1211308],[53.1527315,71.0947258],[53.1527315,71.0947258],[53.1497686,71.1211308]],[[53.1599316,71.3547667],[53.2391324,71.3547667],[53.3289919,71.3114478],[53.2391324,71.3547667],[53.1599318,71.3547667],[53.1599316,71.3547667]],[[53.1873186,71.1494338],[53.2175322,71.1673347],[53.2175322,71.1673347],[53.1873186,71.1494338]],[[53.203132,71.1926633],[53.203132,71.1926633],[53.2107728,71.1792238],[53.203132,71.1926633]],[[53.2043683,71.2442415],[53.2103321,71.2568293],[53.2103321,71.2568293],[53.2043683,71.2442415]],[[53.2103321,68.2697361],[53.2319323,68.2967533],[53.2319323,68.2967533],[53.2103321,68.2697361],[53.2103321,68.2697361]],[[53.2127472,71.2005558],[53.2319323,71.2163034],[53.2213075,71.2192935],[53.2319323,71.2163034],[53.2127472,71.2005558]],[[53.2391324,68.2528503],[53.8079381,68.2511617],[53.9915399,68.2207673],[54.0767273,68.2429655],[53.9915399,68.2207673],[53.8079381,68.2511617],[53.2391324,68.2528503],[53.2391324,68.2528503]],[[53.2499325,71.4560814],[53.2499325,71.4560814],[53.3084685,71.40422],[53.2499325,71.4560814]],[[53.300333,70.8667679],[53.5775358,70.8887194],[53.703537,70.846505],[53.703537,70.846505],[53.5775358,70.8887194],[53.300333,70.8667679],[53.300333,70.8667679]],[[53.3141334,71.3086268],[53.3687336,71.2922894],[53.3687337,71.2922894],[53.3141334,71.3086268]],[[53.3596246,70.8511772],[53.5379354,70.8042906],[53.5379354,70.8042906],[53.3596246,70.8511772]],[[53.4515345,71.2635836],[53.4515345,71.2635836],[53.4955508,71.2393784],[53.4515345,71.2635836]],[[53.4911349,71.0727743],[53.501935,71.0947258],[53.696337,71.098103],[53.696337,71.098103],[53.501935,71.0947258],[53.4911349,71.0727743],[53.4911349,71.0727743]],[[53.5379354,71.3598325],[53.5775358,71.3902269],[53.9519395,71.4628357],[53.9519395,71.4628357],[53.5775358,71.3902269],[53.5379354,71.3598325],[53.5379354,71.3598325]],[[53.5451355,70.8549479],[53.5451355,70.8549479],[53.6654211,70.8161596],[53.5451355,70.8549479]],[[53.5739357,68.3997565],[53.5739358,68.3997565],[53.6650304,68.3570291],[53.5739357,68.3997565]],[[53.5785378,68.3546054],[53.6927369,68.3440335],[53.6927369,68.3440335],[53.5785378,68.3546054]],[[53.595536,71.3024209],[53.595536,71.3024209],[53.596537,71.303536],[53.595536,71.3024209],[53.595536,71.3024209]],[[53.661528,70.9965411],[53.7251373,70.9680826],[53.7376276,70.950507],[53.7251373,70.9680826],[53.661528,70.9965411]],[[53.6617045,71.1990848],[53.7071371,71.1960405],[53.7056997,71.1872759],[53.7071371,71.1960405],[53.6617045,71.1990848]],[[53.6927369,68.8860668],[53.6927369,68.8860668],[53.7323373,68.8658039],[53.7323372,68.8658039],[53.6927369,68.8860668]],[[53.703537,71.174089],[53.703537,71.174089],[53.7397546,71.1669019],[53.703537,71.174089]],[[53.71349,68.8928807],[53.7287373,68.8978868],[54.0275403,68.8455409],[54.0275402,68.8455409],[53.7287373,68.8978868],[53.71349,68.8928807]],[[53.7143483,70.9255028],[53.7395374,70.9478196],[53.7395374,70.9478196],[53.7143483,70.9255028]],[[53.7215372,68.6564203],[53.7666828,68.6713214],[53.7215372,68.6564203],[53.7215372,68.6564203]],[[53.765973,68.3576963],[53.804338,68.3440335],[53.8718053,68.3693496],[53.804338,68.3440335],[53.765973,68.3576963]],[[53.7919377,71.4113423],[53.8871389,71.4223098],[53.9344033,71.4518687],[53.8871389,71.4223098],[53.7919377,71.4113423]],[[53.800738,71.2095491],[53.800738,71.2095491],[53.8331383,71.1707118],[53.8331383,71.1707118],[53.800738,71.2095491]],[[53.8079381,71.1335631],[54.0095401,71.1403174],[54.060426,71.1224166],[54.0095401,71.1403174],[53.8079381,71.1335631],[53.8079381,71.1335631]],[[53.8124697,71.2067978],[53.9447394,71.1757776],[54.0923409,71.2315006],[54.0923409,71.2315006],[53.9447394,71.1757776],[53.8124697,71.2067978]],[[53.8331383,70.814422],[53.8331383,70.814422],[53.8907389,70.7840276],[53.8907388,70.7840276],[53.8331383,70.814422]],[[53.8415849,70.8177235],[53.8547385,70.8228649],[53.8547385,70.8228649],[53.8415849,70.8177235]],[[53.8583386,68.3457221],[53.8583386,68.3457221],[53.8655387,68.3068848],[53.9591396,68.2933762],[53.9915399,68.3457221],[53.9915399,68.3457221],[53.9591396,68.2933762],[53.8655387,68.3068848],[53.8583386,68.3457221]],[[53.8655387,68.7982608],[53.8655387,68.7982608],[53.9417997,68.8205175],[53.8655387,68.7982608]],[[53.8972068,68.357876],[53.9123391,68.3626078],[53.9433881,68.3559881],[53.9123391,68.3626078],[53.8972068,68.357876]],[[53.9051692,71.0542047],[53.9375394,71.0592657],[53.9375394,71.0592657],[53.9051692,71.0542047]],[[53.925977,68.4114825],[53.9303393,68.3913136],[53.9303393,68.3913136],[53.925977,68.4114825]],[[53.9353928,71.1278367],[53.9375394,71.130186],[54.0539749,71.1210837],[53.9375394,71.130186],[53.9353928,71.1278367]],[[53.935599,70.7950122],[54.0851409,70.7435018],[54.2615426,70.7299932],[54.2939429,70.7435018],[54.2828434,70.7524267],[54.2939429,70.7435018],[54.2615426,70.7299932],[54.0851409,70.7435018],[53.935599,70.7950122]],[[53.9915399,71.1605804],[53.99154,71.1605804],[54.2435424,71.1234317],[54.2435422,71.1234317],[53.9915399,71.1605804]],[[54.0563406,71.2095491],[54.1643416,71.2095491],[54.1643416,71.2095491],[54.0563406,71.2095491],[54.095941,71.1892862],[54.0959409,71.1892862],[54.0563406,71.2095491]],[[54.0887409,68.246096],[54.1859419,68.3203934],[54.1859419,68.3203934],[54.0887409,68.246096],[54.0887409,68.246096]],[[54.0970131,69.0001287],[54.103141,69.00089],[54.5279453,69.0093329],[54.5434055,69.0044986],[54.5279453,69.0093329],[54.103141,69.00089],[54.0970131,69.0001287]],[[54.1715417,68.2612932],[54.1876921,68.2805227],[54.1715417,68.2612932],[54.203942,68.2089473],[54.203942,68.2089473],[54.1715417,68.2612932]],[[54.1931419,68.813458],[54.193142,68.813458],[54.2291423,68.7965722],[54.3947438,68.7830636],[54.3947439,68.7830636],[54.2291423,68.7965722],[54.1931419,68.813458]],[[54.1939106,68.3195628],[54.2183422,68.3170162],[54.2183422,68.3170162],[54.1939106,68.3195628]],[[54.196742,68.2629818],[54.196742,68.2629818],[54.3263433,68.2629818],[54.3263433,68.2629818],[54.196742,68.2629818]],[[54.2502493,68.8161365],[54.2651427,68.8168351],[54.2651427,68.8168351],[54.2502493,68.8161365]],[[54.301143,68.3271477],[54.301143,68.3271477],[54.3299433,68.3119505],[54.3299433,68.3119505],[54.301143,68.3271477]],[[54.4857756,70.7637719],[54.4919449,70.7840276],[54.4919449,70.7840276],[54.4857756,70.7637719]],[[54.502745,68.3119505],[54.502745,68.3119505],[54.6899469,68.1751757],[54.7757961,68.1741433],[54.6899469,68.1751757],[54.502745,68.3119505]],[[54.5135451,70.8262421],[54.7115471,70.7570104],[54.7115471,70.7570104],[54.5135451,70.8262421],[54.5135451,70.8262421]],[[54.5429095,68.988297],[54.5603456,68.9992015],[54.5603456,68.9992015],[54.5429095,68.988297]],[[54.5711457,68.9637413],[54.6284074,69],[54.6284074,69],[54.6418521,69.0085134],[54.6284074,69],[54.5711458,68.9637413],[54.5711457,68.9637413]],[[54.6127988,70.6685866],[54.7691475,70.6472529],[54.7691477,70.6472529],[54.6127988,70.6685866]],[[54.6265066,68.9661757],[54.6863469,68.9688071],[54.6863469,68.9688071],[54.6265066,68.9661757]],[[54.6431464,69.0093329],[54.6431464,69.0093329],[54.6761953,69.0015822],[54.6431464,69.0093329]],[[54.6892355,68.9803237],[54.6935469,68.9975129],[54.6935469,68.9975129],[54.6892355,68.9803237]],[[54.7079471,70.7215503],[54.7098171,70.7399695],[54.7079471,70.7215503],[54.7512334,70.6921106],[54.7079471,70.7215503]],[[54.8495827,70.6594022],[54.9851499,70.6337443],[54.9965059,70.6285265],[54.9851499,70.6337443],[54.8495827,70.6594022]],[[54.8555486,68.3237705],[54.8939413,68.3273721],[54.8555486,68.3237705],[54.8555486,68.3237705]],[[54.9131491,68.9316584],[54.9131492,68.9316584],[55,68.9180794],[55.0211502,68.9147726],[55.0211502,68.9147726],[55,68.9180794],[55,68.9180794],[54.9131491,68.9316584]],[[54.9545567,68.4085001],[54.99595,68.4385938],[55,68.4398717],[55.3919539,68.5635485],[55.697957,68.5770571],[55.99676,68.6597974],[56.0769842,68.6439537],[55.99676,68.6597974],[55.697957,68.5770571],[55.3919539,68.5635485],[55,68.4398717],[54.99595,68.4385938],[54.9545567,68.4085001]],[[55.2263523,68.913084],[55.3703537,68.9485441],[55.5071551,68.913084],[55.507155,68.913084],[55.3703537,68.9485441],[55.2263524,68.913084],[55.2263523,68.913084]],[[55.2263523,71.928883],[55.2263523,71.928883],[55.5071551,71.8984886],[55.5071551,71.8984886],[55.2263523,71.928883]],[[55.2371524,70.65063],[55.2371524,70.65063],[55.2947529,70.606727],[55.2834441,70.6021394],[55.2947529,70.606727],[55.2371524,70.65063]],[[55.2428172,71.9494771],[55.2479525,71.9559003],[55.3277461,71.9484149],[55.2479525,71.9559003],[55.2428172,71.9494771]],[[55.3487535,70.7029759],[55.3487535,70.7029759],[55.4207542,70.6962216],[55.4517763,70.6702382],[55.4207542,70.6962216],[55.3487535,70.7029759]],[[55.3487535,71.9761632],[55.3736833,71.9959207],[55.3736833,71.9959207],[55.3736833,71.9959207],[55.3487535,71.9761632],[55.3487535,71.9761632]],[[55.3639534,71.9642807],[55.3919539,71.9423916],[55.3919538,71.9423916],[55.3639534,71.9642807]],[[55.4063541,70.6894673],[55.4063541,70.6894673],[55.4711547,70.6540072],[55.4711547,70.6540072],[55.4063541,70.6894673]],[[55.4063541,70.7502561],[55.4063541,70.7502561],[55.7483574,70.6472529],[55.7483575,70.6472529],[55.4063541,70.7502561]],[[55.600756,70.7215503],[55.7375574,70.7080417],[55.7915579,70.6337443],[55.7915579,70.6337443],[55.7375574,70.7080417],[55.6007562,70.7215503],[55.600756,70.7215503]],[[55.604356,70.6472529],[55.6043569,70.6472526],[55.6342964,70.6380369],[55.604356,70.6472529]],[[55.6329799,71.6594725],[55.6727567,71.6114305],[56.0147601,71.3868497],[56.104761,71.2585178],[56.7254133,71],[56.7254133,71],[56.9594889,70.9025014],[56.7254133,71],[56.104761,71.2585178],[56.0147601,71.3868497],[55.6727567,71.6114305],[55.6329799,71.6594725]],[[55.6397464,70.6370377],[55.697957,70.6202356],[55.7267572,70.6269899],[55.7267573,70.6269899],[55.697957,70.6202356],[55.6397464,70.6370377]],[[55.6943569,70.6979102],[55.6943569,70.6979102],[55.7156304,70.6779538],[55.6943569,70.6979102]],[[55.697957,70.6472529],[55.6979571,70.6472529],[55.7176772,70.6333784],[55.697957,70.6472529]],[[55.8095581,70.694533],[55.8095581,70.694533],[55.8527585,70.65063],[56.0471605,70.5847755],[56.0471605,70.5847755],[55.8527585,70.65063],[55.8095581,70.694533]],[[55.939193,70.6549076],[56.1299613,70.5965956],[56.1659617,70.594907],[56.1659617,70.594907],[56.1299613,70.5965956],[55.939193,70.6549076]],[[56.0399604,70.6472529],[56.0903609,70.6692044],[56.1925007,70.6416408],[56.0903609,70.6692044],[56.0399604,70.6472529],[56.0399604,70.6472529]],[[56.1133023,70.635786],[56.1587616,70.6286785],[56.1587616,70.6286785],[56.1133023,70.635786]],[[56.198362,70.7097302],[56.1983621,70.7097302],[56.302763,70.6810244],[56.302763,70.6810244],[56.198362,70.7097302]],[[56.2199622,70.6675158],[56.2343874,70.6698692],[56.2199622,70.6675158],[56.2199622,70.6675158]],[[56.2235622,70.7418132],[56.2235622,70.7418132],[56.3207632,70.7029759],[56.3207631,70.7029759],[56.2235622,70.7418132]],[[56.2379624,70.6523186],[56.2760577,70.6569512],[56.2379624,70.6523186],[56.2379624,70.6523186]],[[56.2540113,70.7371441],[56.4107641,70.7131074],[56.4590788,70.7270531],[56.4107641,70.7131074],[56.2540113,70.7371441]],[[56.399964,70.5645126],[56.3999641,70.5645126],[56.5151652,70.5442497],[56.5604836,70.5589656],[56.5151652,70.5442497],[56.399964,70.5645126]],[[56.422589,70.5976329],[56.5331653,70.5965956],[56.5619656,70.5797098],[56.5619656,70.5797098],[56.5331653,70.5965956],[56.422589,70.5976329]],[[56.4539645,70.6269899],[56.4539646,70.6269899],[56.6555666,70.5898412],[56.6555665,70.5898412],[56.4539645,70.6269899]],[[56.475466,70.5731845],[56.500765,70.5577583],[56.500765,70.5577583],[56.475466,70.5731845]],[[56.492377,70.6341968],[56.5259652,70.6404986],[56.5259653,70.6404986],[56.492377,70.6341968]],[[56.4935649,68.5855],[56.504365,68.6277145],[56.504365,68.6277145],[56.4935649,68.5855],[56.5278325,68.5994582],[56.4935649,68.5855]],[[56.4935649,70.694533],[56.5799658,70.738436],[56.5799658,70.738436],[56.493565,70.694533],[56.4935649,70.694533]],[[56.6362986,70.6383224],[56.6987668,70.6337443],[56.698767,70.6337443],[56.6362986,70.6383224]],[[56.7419674,70.7029759],[56.7419675,70.7029759],[56.822015,70.6630077],[56.7419674,70.7029759]],[[56.8102642,68.5845086],[56.8499685,68.5719914],[57,68.5572869],[57,68.5572869],[57.0911709,68.5483513],[57.3049982,68.5635475],[57.0911709,68.5483513],[57,68.5572869],[56.8499685,68.5719914],[56.8102642,68.5845086]],[[56.8427684,70.606727],[56.9863282,70.581033],[56.8427685,70.606727],[56.8427684,70.606727]],[[56.8895602,70.5856575],[56.9327693,70.5662012],[56.9327693,70.5662012],[56.8895602,70.5856575]],[[56.896769,70.5577583],[56.896769,70.5577583],[56.9240223,70.5364532],[56.896769,70.5577583]],[[56.9087346,70.6456941],[57,70.6431153],[57,70.6431153],[57.1151114,70.6398628],[57,70.6431153],[56.9087346,70.6456941]],[[56.9771076,70.5214909],[57,70.5162672],[57.0112595,70.5136979],[57,70.5162672],[57,70.5162672],[56.9771076,70.5214909]],[[57.0371704,70.5442497],[57.1928682,70.5131734],[57.0371706,70.5442496],[57.0371704,70.5442497]],[[57.1008392,70.5952415],[57.296373,70.5645126],[57.3431734,70.5712669],[57.2731271,70.596063],[57.3431734,70.5712669],[57.296373,70.5645126],[57.1008392,70.5952415]],[[57.1204692,70.4981423],[57.1379714,70.4969695],[57.1379714,70.4969695],[57.1204692,70.4981423]],[[57.179184,70.5437287],[57.1919719,70.5408725],[57.1977755,70.528623],[57.1919719,70.5408725],[57.179184,70.5437287]],[[57.3287733,68.5652371],[57.3340112,68.5671821],[57.3287733,68.5652371],[57.3287733,68.5652371]],[[57.397174,70.6269899],[57.3971741,70.6269899],[57.4511745,70.606727],[57.4511744,70.606727],[57.397174,70.6269899]],[[57.4151742,68.5973201],[57.4525907,68.6263451],[57.4151742,68.5973201],[57.4151742,68.5973201]],[[57.4331743,70.7435018],[57.6383763,70.7299932],[57.6383763,70.7299932],[57.6383764,70.7299932],[57.4331744,70.7435018],[57.4331743,70.7435018]],[[57.602376,68.7425377],[57.602376,68.7425377],[57.8359505,68.7485573],[57.602376,68.7425377]],[[57.9363213,68.7562925],[57.9803798,68.793195],[57.9803798,68.793195],[57.9363213,68.7562925]],[[57.9551796,68.8455409],[58.1711817,68.8894439],[58.2027237,68.8887394],[58.1711817,68.8894439],[57.9551796,68.8455409],[57.9723512,68.809872],[57.9551796,68.8455409]],[[58.203582,68.8320323],[58.2467825,68.8877554],[58.2467825,68.8877554],[58.203582,68.8320323],[58.2647826,68.781375],[58.2647826,68.781375],[58.203582,68.8320323]],[[58.2751504,68.7790219],[58.3763838,68.7560463],[58.3763837,68.7560463],[58.2751504,68.7790219]],[[58.2758011,68.8137363],[58.2863829,68.7999493],[58.2863829,68.7999493],[58.2758011,68.8137363]],[[58.3367834,68.7357834],[58.3367834,68.7357834],[58.4231842,68.7425377],[58.4231842,68.7425377],[58.3367834,68.7357834]],[[58.4123841,70.2605687],[58.4123842,70.2605687],[58.502385,70.2301743],[58.502385,70.2301743],[58.4123841,70.2605687]],[[58.427924,68.7492073],[58.4375844,68.7628006],[58.4375844,68.7628006],[58.427924,68.7492073]],[[58.4519845,70.1947142],[58.4519846,70.1947142],[58.5136023,70.1887857],[58.4519845,70.1947142]],[[58.495185,70.3314889],[58.6391864,70.3314889],[58.6733531,70.3457976],[58.6391864,70.3314889],[58.4951851,70.3314889],[58.495185,70.3314889]],[[58.5285384,70.3250272],[58.6607866,70.299406],[58.8227882,70.2166657],[58.8227882,70.2166657],[58.6607866,70.299406],[58.5285384,70.3250272]],[[58.5491855,70.1339254],[58.5491855,70.1339254],[58.603186,70.1136625],[58.603186,70.1136625],[58.5491855,70.1339254]],[[58.5707857,70.0782023],[58.5775979,70.0856579],[58.5707857,70.0782023],[58.5707857,70.0782023]],[[58.5779858,70.1541883],[58.5920995,70.1806682],[58.5779858,70.1541883],[58.6103861,70.1406797],[58.6103861,70.1406797],[58.5779858,70.1541883],[58.5779858,70.1541883]],[[58.614487,70.0518479],[58.696787,70.0022164],[58.8730101,69.9242035],[58.696787,70.0022164],[58.614487,70.0518479]],[[58.741321,70.3843368],[58.7471875,70.431115],[58.7471875,70.431115],[58.741321,70.3843368]],[[58.7615876,69.3386055],[58.7615877,69.3386055],[59,69.2618093],[59.0603906,69.2423566],[59.1719917,69.1697478],[59.2439924,69.1461077],[59.2403924,69.1781906],[59.1503915,69.2541766],[59.07574,69.2703872],[59.1503915,69.2541766],[59.2403924,69.1781906],[59.2439924,69.1461077],[59.1719917,69.1697478],[59.0603906,69.2423566],[59,69.2618093],[58.7615876,69.3386055]],[[58.8715136,69.001099],[58.8803888,69.0025786],[58.954201,69.0018497],[58.8803888,69.0025786],[58.8715136,69.001099]],[[58.8911889,68.9350355],[58.891189,68.9350355],[59,68.9188737],[59.0326372,68.9140261],[59,68.9188737],[58.8911889,68.9350355]],[[58.9175425,70.4612087],[59,70.4757751],[59.0243902,70.4800837],[59.5319953,70.2656344],[59.5535955,70.1997799],[59.5535955,70.1997799],[59.5319953,70.2656344],[59.0243902,70.4800837],[59,70.4757751],[58.9175425,70.4612087]],[[58.9379894,69.9414276],[58.9715697,69.9378635],[58.9379895,69.9414276],[58.9379894,69.9414276]],[[59.0080524,69.8644211],[59.0171902,69.8603759],[59.1323913,69.8738845],[59.1323913,69.8738845],[59.0171902,69.8603759],[59.0080524,69.8644211]],[[59.0567906,68.6192716],[59.1560483,68.6786308],[59.0567906,68.6192716],[59.0567906,68.6192716]],[[59.0662675,68.9689545],[59.222392,68.9992015],[59.2223922,68.9992015],[59.0662675,68.9689545]],[[59.0711907,68.4588567],[59.0711907,68.4588567],[59.0758561,68.4451801],[59.0711907,68.4588567]],[[59.0882056,68.4852546],[59.1179912,68.5314656],[59.1179912,68.5314656],[59.0882056,68.4852546]],[[59.1402128,69.0000129],[59.1415238,69],[59.1415238,69],[59.1416231,68.999999],[59.1415238,69],[59.1415238,69],[59.1402128,69.0000129]],[[59.2304468,69.9103878],[59.4311943,69.8890817],[59.519608,69.8499591],[59.4311943,69.8890817],[59.2304468,69.9103878]],[[59.2630933,68.7037951],[59.398794,68.7003233],[59.398794,68.7003233],[59.2630933,68.7037951]],[[59.3368755,68.7976688],[59.4239942,68.7577349],[59.4003489,68.7038656],[59.4239942,68.7577349],[59.3368755,68.7976688]],[[59.5463955,69.7793242],[59.5463955,69.7793242],[59.5554169,69.7471649],[59.5463955,69.7793242]],[[59.6107871,69.8008974],[59.6219962,69.8046528],[59.6219962,69.8046528],[59.6107871,69.8008974]],[[59.6774934,69.7007374],[59.9351993,69.6678781],[59.9351994,69.6678781],[59.6774934,69.7007374]],[[59.775774,70.1499806],[59.7839978,70.1322368],[59.8140106,70.1251981],[59.7839978,70.1322368],[59.775774,70.1499806]],[[59.791555,68.6216961],[59.9279993,68.5382199],[59.9425332,68.5089065],[59.9279993,68.5382199],[59.791555,68.6216961]],[[59.7990408,68.6751367],[59.8127981,68.6885032],[59.9099991,68.7205862],[59.9333482,68.716023],[59.9099991,68.7205862],[59.8127981,68.6885032],[59.7990408,68.6751367]],[[59.8559986,68.3811822],[59.9639996,68.465611],[59.9639996,68.465611],[59.8559986,68.3811822],[59.8559986,68.3811822]],[[59.9207992,69.688141],[59.9526874,69.7004967],[59.9207992,69.688141],[59.9207992,69.688141]],[[59.9651645,68.9680182],[59.9707609,68.9785688],[59.9927253,68.9694457],[59.9651645,68.9680182]],[[60.1377674,69.7040418],[60.2556026,69.6898296],[60.3744037,69.7303554],[60.3744037,69.7303554],[60.2556026,69.6898296],[60.1377674,69.7040418]],[[60.1404014,69.5783835],[60.1404014,69.5783835],[60.2160022,69.5547434],[60.2936063,69.4721438],[60.2160022,69.5547434],[60.1404014,69.5783835]],[[60.1512015,69.6256636],[60.1512015,69.6256636],[60.189036,69.6434097],[60.1512015,69.6256636]],[[60.4140041,69.9633791],[60.4140041,69.9633791],[60.4752048,69.9211646],[60.4752047,69.9211646],[60.4140041,69.9633791]],[[60.4500045,69.7658155],[60.4500045,69.7658155],[60.4596704,69.748976],[60.4500045,69.7658155]],[[60.4608046,69.8654416],[60.4627901,69.8731247],[60.4608046,69.8654416],[60.4608046,69.8654416]],[[60.4628557,69.8642172],[60.5400054,69.8181614],[60.5400054,69.8181614],[60.4628557,69.8642172]],[[60.5328808,68.7480231],[60.702007,68.8151465],[60.763055,68.8572031],[60.702007,68.8151465],[60.5328808,68.7480231]],[[60.5904059,69.1325991],[60.5904059,69.1325991],[60.6680327,69.1149455],[60.5904059,69.1325991]],[[60.6410304,69.7072981],[60.6552066,69.6729438],[60.6552065,69.6729438],[60.6410304,69.7072981]],[[60.6985974,69.8106238],[60.7056071,69.8232272],[60.7056071,69.8232272],[60.6985974,69.8106238]],[[60.6988409,69.7669953],[60.7200072,69.7421755],[60.7200072,69.7421755],[60.6988409,69.7669953]],[[60.7200072,69.1748135],[60.7776078,69.1765021],[60.8772573,69.1337683],[60.7776078,69.1765021],[60.7200072,69.1748135],[60.7200072,69.1748135]],[[60.7220921,69.169435],[60.7416074,69.1190904],[60.7416074,69.1190904],[60.7220921,69.169435]],[[60.9072091,68.9265926],[60.9235382,68.962103],[60.9072091,68.9265926],[60.9072091,68.9265926]],[[60.9229249,69.0733925],[60.9468095,69.0127101],[60.9450582,69.0089017],[60.9468095,69.0127101],[60.9229249,69.0733925]],[[60.9444657,68.9044579],[60.9684097,68.9063297],[60.9679304,68.9064884],[60.9684097,68.9063297],[60.9684097,68.9063297],[60.9444657,68.9044579]],[[60.9966169,69.8539358],[61,69.8533107],[61.0028506,69.852784],[61,69.8533107],[60.9966169,69.8539358]],[[61.0941025,69.8617636],[61.1052111,69.8654416],[61.1052111,69.8654416],[61.0941025,69.8617636]],[[62.8549649,69.7218063],[63,69.7085786],[63,69.7085786],[62.8549649,69.7218063]]]}}
