{"type":"Feature","properties":{"family":"other","name":"Finnic peoples, 882 – 957"},"geometry":{"type":"Polygon","coordinates":[[[20.6355841,60.8410525],[20.6551114,60.7874634],[20.696403,60.736903],[20.7115295,60.7256935],[20.6804662,60.6837116],[20.6643339,60.6323736],[20.6643782,60.6318541],[20.6643868,60.6318545],[20.761915,60.6369252],[20.8739367,60.6313555],[20.9812065,60.6146342],[21.0791369,60.5874785],[21.163567,60.5510507],[21.177642,60.5435743],[21.1776429,60.5435738],[21.1735604,60.5550094],[21.1952585,60.494231],[21.1979334,60.4894183],[21.2023792,60.4849337],[21.2084416,60.4809319],[21.2159109,60.4775512],[21.224529,60.4749081],[21.2910806,60.4584812],[21.2910819,60.4584798],[21.2910819,60.4584798],[21.3072643,60.4414118],[21.3224822,60.4095053],[21.3224823,60.4095052],[21.3193502,60.4090642],[21.3100214,60.4067316],[21.2668042,60.3932131],[21.2582446,60.3899016],[21.251187,60.3858225],[21.2459114,60.381138],[21.2426266,60.3760343],[21.2414623,60.3707141],[21.2424634,60.3653888],[21.2455894,60.3602695],[21.2507152,60.3555595],[21.2576367,60.3514454],[21.2660791,60.3480903],[21.3236551,60.3295288],[21.3331689,60.3270819],[21.343476,60.3256032],[21.3541763,60.3251499],[21.3648549,60.3257396],[21.3750974,60.3273496],[21.3816013,60.3291246],[21.3816017,60.3291233],[21.3960153,60.2845891],[21.3931799,60.2343021],[21.3920368,60.2316965],[21.3920368,60.2316965],[21.3920364,60.2316955],[21.3822888,60.2346856],[21.3720906,60.2371183],[21.3610861,60.2384497],[21.3497555,60.2386218],[21.3385934,60.237627],[21.3280869,60.2355088],[21.2452452,60.2135404],[21.236312,60.2105697],[21.2287346,60.2067877],[21.2228099,60.2023432],[21.2187701,60.1974105],[21.2167726,60.1921834],[21.216895,60.1868669],[21.2191313,60.1816696],[21.223393,60.1767951],[21.2295122,60.1724344],[21.2372486,60.1687583],[21.2462989,60.1659108],[21.3506644,60.1398068],[21.3506708,60.1398042],[21.3656394,60.1336278],[21.4325632,60.0925207],[21.4819401,60.0456752],[21.5119262,59.994915],[21.5214503,59.9422076],[21.521093,59.9202583],[21.5106961,59.8696139],[21.4930733,59.8400997],[21.4930593,59.8400764],[21.5004071,59.83931],[21.6072152,59.8335678],[21.714249,59.8385026],[21.8173178,59.8539229],[21.8902706,59.8733518],[21.8995301,59.8753997],[21.9008349,59.8752947],[21.9287793,59.8478879],[21.9933595,59.8067921],[22.0725105,59.7727269],[22.1632414,59.7469635],[22.2621546,59.7304613],[22.3655677,59.7238342],[22.3997777,59.7249925],[22.4069307,59.7125663],[22.4545257,59.6661796],[22.5189514,59.6252997],[22.5977515,59.5914502],[22.6879618,59.5658889],[22.7862191,59.5495636],[22.888881,59.5430789],[22.9921526,59.5466759],[23.3351033,59.5751122],[23.4339788,59.5881336],[23.5262758,59.6103632],[23.6086557,59.6410023],[23.678114,59.6789466],[23.6894981,59.6882121],[23.7951309,59.6880946],[23.9160219,59.6948123],[24.0309525,59.714995],[24.0377645,59.7171544],[24.0068131,59.6810247],[24.0065443,59.6806009],[23.9795829,59.6705005],[23.9607681,59.6601955],[23.8890291,59.6514585],[23.7904149,59.6278889],[23.7034827,59.5946644],[23.6602613,59.5742793],[23.5981163,59.5387414],[23.5917097,59.537996],[23.4968514,59.5164443],[23.4914228,59.5144914],[23.4007178,59.4963189],[23.2270553,59.450384],[23.1340592,59.4189167],[23.0562535,59.3782486],[22.9970814,59.3302135],[22.9774202,59.3026624],[22.9675828,59.3068731],[22.8820802,59.3313096],[22.7890107,59.3471975],[22.6916551,59.3539763],[22.6118206,59.3556695],[22.5144525,59.3531008],[22.4196613,59.3414327],[22.3307349,59.3210719],[22.2507438,59.2927258],[22.1824292,59.2573767],[22.1406688,59.2257673],[22.0091707,59.2196009],[21.9068065,59.2094272],[21.8104051,59.1891106],[21.7238063,59.1594651],[21.6504333,59.121675],[21.5931542,59.0772446],[21.5541702,59.0279355],[21.5349366,58.9756941],[21.5361168,58.922573],[21.5575707,58.8706495],[21.5983745,58.8219448],[21.6568698,58.7783464],[21.680505,58.7665828],[21.631079,58.7584237],[21.5443056,58.7339215],[21.4681341,58.7013513],[21.4053265,58.6619104],[21.3581312,58.6170437],[21.3282044,58.5683883],[21.3165578,58.5177118],[21.323532,58.4668472],[21.3487956,58.417626],[21.3701848,58.3946272],[21.3692798,58.3929657],[21.3461218,58.3593117],[21.3311509,58.3075464],[21.3356365,58.255292],[21.3593227,58.2045289],[21.4012359,58.1571727],[21.4597323,58.115003],[21.5001824,58.0953557],[21.4677842,58.0470086],[21.4539287,57.9915509],[21.4620986,57.9358372],[21.491839,57.8822762],[21.5370857,57.8238596],[21.5370892,57.8238602],[21.5371036,57.8238624],[21.6395871,57.8399099],[21.8381495,57.8586025],[21.9783968,57.8956357],[21.9783987,57.8956362],[21.9783993,57.8956364],[21.9788608,57.8953207],[21.9857708,57.8920592],[21.9936918,57.8895217],[22.0023591,57.887793],[22.0114828,57.8869308],[22.0207581,57.8869641],[22.0531343,57.888651],[22.0642826,57.8899105],[22.0746322,57.8924546],[22.0836615,57.8961551],[22.2384633,57.9754738],[22.1935001,57.9524351],[22.1935141,57.9524388],[22.3758603,58.0005885],[22.3758603,58.0005885],[22.4740221,58.0198012],[22.577588,58.0278912],[22.6820887,58.0245092],[22.7830118,58.009801],[22.8760093,57.9844012],[22.9570955,57.9494038],[23.0228247,57.9063126],[23.0704401,57.8569733],[23.0979867,57.8034913],[23.1043834,57.7481392],[23.1035115,57.7369122],[23.4560433,57.5742833],[23.5022513,57.5479878],[23.5022672,57.5479787],[23.5022716,57.5479762],[23.5053306,57.5486498],[23.5897053,57.5788887],[23.6612437,57.6175017],[23.7170309,57.6629421],[23.7547574,57.7133829],[23.7728191,57.7667872],[23.7703934,57.8209887],[23.7635897,57.8497299],[23.7582712,57.8623491],[23.7653764,57.860534],[23.8027375,57.8554339],[23.8027394,57.8554541],[23.8063625,57.8946462],[23.8224674,57.9499869],[23.8598251,58.0023623],[23.9169016,58.0494986],[23.9788276,58.0826707],[23.9788309,58.0826725],[23.978831,58.0826725],[23.9788319,58.082673],[23.9951114,58.0813254],[24.0053144,58.081025],[24.0154342,58.0818035],[24.0250649,58.0836295],[24.03382,58.0864299],[24.0413478,58.0900923],[24.0473457,58.0944697],[24.0515723,58.0993862],[24.053857,58.1046446],[24.0555423,58.1117159],[24.0555481,58.1117179],[24.0797582,58.1201473],[24.1784844,58.1405654],[24.2831315,58.1496981],[24.4162129,58.1534988],[24.4162174,58.153499],[24.413409,58.0810477],[24.3575278,58.0387701],[24.3536278,58.0352847],[24.3507598,58.0315318],[24.2651659,57.8891433],[24.2651737,57.8891528],[24.2652028,57.8891885],[24.2687619,57.893546],[24.2745776,57.8979687],[24.2819338,57.9016875],[24.2905364,57.9045533],[24.3000409,57.9064512],[24.3100663,57.9073053],[24.3296013,57.9078635],[24.3130374,57.8803725],[24.3130374,57.8803725],[24.3130375,57.8803725],[24.3130375,57.8803725],[24.5333333,57.8866667],[24.7666667,57.8933333],[25,57.9],[25.8,57.85],[26.0333333,57.7666667],[26.2666667,57.6833333],[26.5,57.6],[26.7333333,57.5833333],[26.9666667,57.5666667],[27.2,57.55],[27.5,57.55],[27.55,57.725],[27.6,57.9],[27.55,58.1],[27.5,58.3],[27.5333333,58.5],[27.55,58.6],[27.5666667,58.7],[27.6,58.9],[27.7666667,59],[27.85,59.05],[27.9333333,59.1],[28.1,59.2],[28,59.4],[27.9708006,59.4583989],[28.0172802,59.48238],[28.0172802,59.48238],[28.0172802,59.48238],[27.9911885,59.468918],[27.9273306,59.4359706],[27.9194236,59.4517312],[27.917809,59.457203],[27.9184247,59.4627257],[27.9212458,59.4680666],[27.9261545,59.4730008],[27.9322872,59.4769022],[27.9323229,59.4769249],[27.8553724,59.4372155],[27.4443832,59.4760185],[27.4443834,59.4760206],[27.4484457,59.506858],[27.4807208,59.5628877],[27.5085457,59.5968567],[27.5043387,59.6063298],[27.5016082,59.6587851],[27.5190561,59.7104977],[27.5561088,59.759502],[27.611433,59.803927],[27.6829751,59.8420696],[27.7680323,59.8724619],[27.9576606,59.9267678],[28.0604205,59.9492699],[28.0632759,59.949563],[28.069652,59.9529326],[28.1538621,59.982956],[28.3830575,60.0485933],[28.4824811,60.0705699],[28.5768379,60.0807708],[28.6404092,60.1156254],[28.729608,60.1478391],[28.93887,60.2077683],[28.9388732,60.2077692],[29.0093343,60.1672657],[29.0169614,60.1636434],[29.0258578,60.1608243],[29.0356865,60.158915],[29.0460754,60.1579878],[29.4129786,60.1428004],[29.4242698,60.1429035],[29.4352761,60.1441668],[29.4455204,60.1465353],[29.5401582,60.1746485],[29.6896474,60.173214],[29.8150272,60.1445317],[29.8169372,60.1433166],[29.8173675,60.143094],[29.817069,60.1432838],[29.8115154,60.1476006],[29.8076984,60.1523618],[29.8057564,60.1573957],[29.8057604,60.1625206],[29.8077111,60.1675514],[29.811539,60.1723065],[29.8142105,60.1743735],[29.8142317,60.1743686],[29.8496985,60.1662538],[29.8142317,60.1743686],[29.8142105,60.1743735],[29.7205626,60.1958003],[29.8496985,60.1662538],[29.8596707,60.1599059],[30,60.2],[30.6428571,60.5428571],[30.8571429,60.6571429],[31.5,61],[32.8,61],[33.5,61],[33.9444444,60.9555556],[34.1666667,60.9333333],[34.8333333,60.8666667],[35.0555556,60.8444444],[35.5,60.8],[35.7142857,60.7571429],[35.9285714,60.7142857],[36.1428571,60.6714286],[36.3571429,60.6285714],[36.5714286,60.5857143],[36.7857143,60.5428571],[37,60.5],[37.2142857,60.4285714],[37.4285714,60.3571429],[37.6428571,60.2857143],[37.6428571,60.2857143],[37.8571429,60.2142857],[37.8571429,60.2142857],[38.0714286,60.1428571],[38.2857143,60.0714286],[38.5,60],[39.5,59],[40.2,58],[40.3625,57.85],[40.525,57.7],[40.6875,57.55],[41.0125,57.25],[41.175,57.1],[41.3375,56.95],[41.5,56.8],[41.6666667,56.6333333],[41.8333333,56.4666667],[42,56.3],[42.1666667,56.1333333],[42.3333333,55.9666667],[42.5,55.8],[42.3,55.7],[42.1,55.6],[41.9,55.5],[41.5,55.3],[41.2777778,55.3666667],[41.0555556,55.4333333],[40.8333333,55.5],[40.6111111,55.5666667],[40.3888889,55.6333333],[40.1666667,55.7],[39.9444444,55.7666667],[39.7222222,55.8333333],[39.5,55.9],[38.3571429,55.9],[38.5,55.8],[38.6666667,55.6666667],[38.75,55.6],[38.8333333,55.5333333],[39,55.4],[39.1666667,55.2666667],[39.25,55.2],[39.3333333,55.1333333],[39.5,55],[40.2,54.2],[40.26,54],[40.2857143,53.9142857],[40.2857143,53.9142857],[40.2857143,53.9142857],[40.32,53.8],[40.32,53.8],[40.38,53.6],[40.44,53.4],[40.5,53.2],[40.5,52.6],[40.5,51.0285714],[40.5,51.0285714],[40.5,51.0285714],[40.5,50.9],[40.7142857,50.9428571],[40.9285714,50.9857143],[41.1428571,51.0285714],[41.3571429,51.0714286],[41.5714286,51.1142857],[41.7857143,51.1571429],[42,51.2],[42.1111111,51.2111111],[42.3333333,51.2333333],[42.5555556,51.2555556],[42.7777778,51.2777778],[43,51.3],[43.2375,51.31875],[43.475,51.3375],[43.7125,51.35625],[43.95,51.375],[44.9,51.45],[45.1375,51.46875],[45.375,51.4875],[45.6125,51.50625],[45.85,51.525],[46.0875,51.54375],[46.325,51.5625],[46.5625,51.58125],[46.8,51.6],[47.0428571,51.6571429],[47.2857143,51.7142857],[47.5285714,51.7714286],[47.7714286,51.8285714],[48.0142857,51.8857143],[48.2571429,51.9428571],[48.5,52],[48.9444444,51.9555556],[49.1666667,51.9333333],[49.8333333,51.8666667],[50.0555556,51.8444444],[50.2105263,51.8289473],[50.2222222,51.8333333],[50.4444444,51.9166667],[50.6666667,52],[50.8888889,52.0833333],[51.1111111,52.1666667],[51.3333333,52.25],[51.5555556,52.3333333],[51.7777778,52.4166667],[52,52.5],[54,54.5],[54.2333333,54.5666667],[54.4666667,54.6333333],[54.7,54.7],[54.9333333,54.7666667],[55.1666667,54.8333333],[55.4,54.9],[55.6333333,54.9666667],[55.8666667,55.0333333],[56.1,55.1],[56.3333333,55.1666667],[56.5666667,55.2333333],[56.8,55.3],[57.0333333,55.3666667],[57.2666667,55.4333333],[57.5,55.5],[57.7391304,55.5434783],[57.9782609,55.5869565],[58.4565217,55.673913],[58.6956522,55.7173913],[58.9347826,55.7608696],[59.173913,55.8043478],[59.4130435,55.8478261],[59.6521739,55.8913043],[59.8913043,55.9347826],[59.8913043,55.9347826],[60.1304348,55.9782609],[60.3695652,56.0217391],[60.6086957,56.0652174],[60.6086957,56.0652174],[60.8478261,56.1086957],[61.0869565,56.1521739],[61.326087,56.1956522],[61.5652174,56.2391304],[61.8043478,56.2826087],[62.0434783,56.326087],[62.5217391,56.4130435],[62.7608696,56.4565217],[63,56.5],[63,56.5266095],[63,56.5266095],[63,56.5268152],[63,56.5268152],[63,56.5268291],[63,56.5268291],[63.0067132,56.5267112],[63.0164092,56.5254133],[63.0254148,56.5230476],[63.0333512,56.5197135],[63.0398849,56.5155513],[63.0447415,56.510736],[63.0477177,56.50547],[63.048689,56.4999746],[63.0486887,56.4996045],[63.0486887,56.4995929],[63.0487735,56.5001694],[63.0493572,56.767414],[63.0675975,56.7670923],[63.1651022,56.7540327],[63.255538,56.7302441],[63.3350545,56.6967438],[63.4002913,56.6549611],[63.4485235,56.6066729],[63.4777725,56.553926],[63.4868814,56.4989476],[63.4868462,56.4952218],[63.4868451,56.4951089],[63.487748,56.5007901],[63.7760931,69.7051487],[63.7637473,69.760125],[63.7189236,69.8129868],[63.6433022,69.8614786],[63.539934,69.9035165],[63.4131378,69.9372818],[63.2683276,69.961305],[63.1117754,69.9745352],[61.9599786,70.0254581],[61.192134,70.1204752],[61.0264183,70.133827],[61.0249919,70.1338345],[60.9362959,70.1659986],[60.8166205,70.195466],[60.7996183,70.1981689],[60.6878403,70.2531032],[60.5861522,70.2935036],[60.4623452,70.3262382],[60.2697945,70.3671323],[60.2428144,70.3900085],[60.1639231,70.431837],[59.6590036,70.6479785],[59.5489634,70.6859259],[59.418111,70.715896],[59.2715677,70.7366965],[59.115142,70.7474961],[58.9550809,70.7478612],[58.7977942,70.7377753],[58.649569,70.7176403],[58.4351439,70.6797265],[58.4527841,70.7259924],[58.4416423,70.7783715],[58.3996667,70.8289661],[58.328251,70.8758276],[58.1572749,70.9642449],[58.0498044,71.0082947],[57.9158762,71.043917],[57.7614456,71.0694939],[57.5512998,71.0953844],[56.8839079,71.3770593],[56.838349,71.4459331],[56.7782423,71.5032681],[56.4795466,71.7048955],[56.3832051,71.8276508],[56.3705348,71.9143963],[56.3465138,71.9661539],[56.2904391,72.0154108],[56.2355815,72.043987],[56.2330134,72.0528943],[56.1871002,72.1020752],[56.1114097,72.1475936],[56.0085348,72.1877675],[55.8821428,72.2211019],[55.736853,72.2463487],[55.5780656,72.2625578],[55.4914104,72.2659749],[55.4914183,72.2659724],[55.5107551,72.2598442],[55.5755558,72.1990554],[55.3415534,72.0656578],[55.4531545,72.0589035],[55.4104365,72.0250485],[55.4104364,72.0250483],[55.4104363,72.0250483],[55.4104363,72.0250483],[55.4104361,72.0250481],[55.3788306,72],[55.3788306,72],[55.3788306,72],[55.3788305,72],[51.5047118,72],[51.5047118,72],[51.5047118,72],[51.5047118,72],[51.4391144,71.9423916],[51.4202227,71.9042892],[51.4391144,71.9423916],[51.5353866,72.026939],[51.5353867,72.026939],[51.5353871,72.0269394],[51.6083161,72.0909864],[51.8675187,72.1585295],[52.0547205,72.1078722],[52.0655207,72.0741007],[52.1879219,72.1298237],[52.2095221,72.1281351],[52.198722,72.0825435],[52.3679237,72.0757892],[52.4111241,72.0859207],[52.3823238,72.1044951],[52.4111241,72.1281351],[52.3679237,72.1619067],[52.4903249,72.1635953],[52.400324,72.2226955],[52.4831248,72.2091868],[52.4651247,72.2311383],[52.4903249,72.244647],[52.4478393,72.2693193],[52.447832,72.2693236],[51.4818085,72.2693911],[51.3190068,72.2631067],[51.1629143,72.2475803],[51.0191404,72.2233707],[50.8928007,72.1913474],[50.788321,72.1526559],[50.7092789,72.108673],[50.6582867,72.0609543],[50.5621355,71.930311],[50.5424028,71.8530171],[50.569941,71.7197089],[50.6132524,71.6506654],[50.6884251,71.5802003],[50.6883649,71.5381921],[50.7257842,71.4825763],[50.7987427,71.4307309],[50.9037745,71.3849315],[51.2105165,71.2761488],[51.3326997,71.2402844],[51.4173431,71.223869],[51.417995,71.2229145],[51.4895497,71.1718782],[51.5918611,71.1267429],[51.720403,71.0894218],[52.0046198,71.0222314],[52.0283355,70.9949034],[52.1024391,70.947628],[52.2031732,70.9060341],[52.2114612,70.9037342],[52.2490941,70.8641429],[52.3230826,70.8188915],[52.4215602,70.7790925],[52.5408874,70.7461639],[52.579436,70.7391171],[52.581489,70.7375145],[52.6748704,70.6926744],[52.7932804,70.6549631],[53.0300131,70.59312],[53.1659521,70.5641939],[53.3162543,70.5447745],[53.4750914,70.5356101],[53.5364985,70.5361757],[53.5852785,70.5319012],[53.6182384,70.5225571],[53.7536756,70.4971828],[53.9010397,70.4808992],[54.075333,70.4675702],[54.1618491,70.4639432],[54.2578979,70.4380057],[54.3863132,70.4095683],[54.4803785,70.3965152],[54.6089899,70.356213],[54.7394,70.3228973],[54.8870262,70.2991839],[55.0458092,70.2860381],[55.2092861,70.2839926],[55.3708265,70.2931288],[55.5238699,70.3130741],[55.6486298,70.3400939],[55.8489992,70.3235214],[56.0093945,70.315811],[56.0742829,70.3171279],[56.1390229,70.3057667],[56.2944651,70.2850596],[56.4592796,70.2756455],[56.6264631,70.2779224],[56.6545133,70.2803285],[56.7427705,70.2703226],[56.7428907,70.2703131],[57.0167183,70.2486638],[57.1686413,70.2416134],[57.3219137,70.2444404],[57.4710477,70.2570421],[57.6106874,70.2789649],[57.6219633,70.2817172],[57.6165542,70.2511438],[57.6361955,70.2005169],[57.6641306,70.1720228],[57.6662732,70.1564327],[57.7024947,70.1060872],[57.766269,70.0590832],[57.7867613,70.0494245],[57.7869137,70.0463694],[57.8220431,69.9929659],[57.8878851,69.9431492],[58.0155618,69.8676244],[58.0799552,69.8351026],[58.4020365,69.6943348],[58.5130016,69.6545948],[58.644842,69.62357],[58.7596252,69.6071851],[58.7479654,69.6074771],[58.6024166,69.6013946],[58.4628031,69.5857426],[58.3343101,69.5611029],[58.221669,69.5283897],[58.1289715,69.4888132],[58.0595181,69.4438306],[58.0157047,69.3950895],[57.9989529,69.3443639],[58.0096815,69.2934884],[58.0473183,69.2442903],[58.1103468,69.1985249],[58.1537354,69.1780179],[57.9735837,69.1476357],[57.9358802,69.1445109],[57.8037481,69.1234409],[57.586161,69.0790947],[57.460656,69.0468077],[57.356463,69.0060263],[57.3324893,68.9915437],[57.2668116,68.9823126],[57.142235,68.9535497],[57.0360346,68.9165358],[56.9672793,68.8805758],[56.8698736,68.8964043],[56.7289492,68.9081488],[56.5841956,68.9097714],[56.4745353,68.9032138],[56.2528877,68.9172206],[56.2463717,68.9574443],[56.2101246,69.0078264],[56.1472351,69.0547001],[56.0599338,69.0962836],[55.9514314,69.1309869],[55.8140269,69.1667943],[55.6811958,69.1943008],[55.5350774,69.2115419],[55.3818998,69.2177788],[55.228225,69.2127426],[55.1665928,69.2060393],[55.1107518,69.222566],[55.1002494,69.2250404],[55.0603945,69.2344301],[54.9232477,69.2598735],[54.7740276,69.274767],[54.6191533,69.2784671],[54.465314,69.2708125],[54.4516086,69.2690674],[54.1114403,69.2702322],[53.984731,69.2667379],[53.8614485,69.2557293],[53.1886375,69.1720945],[53.006773,69.1384745],[51.8924799,68.8503923],[51.7653221,68.8075109],[51.7631498,68.8063277],[51.4871992,68.7501266],[51.3570785,68.7622797],[51.2164432,68.7701838],[51.0741441,68.768094],[50.9355902,68.7560889],[50.8060341,68.7346235],[50.6903543,68.7045102],[50.3649076,68.6002973],[50.3363358,68.5937089],[50.2368853,68.5599938],[49.6944363,68.3354068],[49.6811993,68.3337802],[49.5560933,68.3073095],[48.9904247,68.1561352],[48.8750791,68.180654],[48.7355701,68.1974792],[48.5896455,68.2033696],[48.4434924,68.1980747],[48.3033088,68.1818184],[48.1750156,68.1552883],[48.0639848,68.1196045],[47.9748013,68.0762678],[47.9110709,68.0270922],[47.8752815,67.9741246],[47.8687233,67.9195557],[47.8721665,67.911406],[47.7868552,67.9019097],[47.6645861,67.8778098],[47.4582433,67.8266818],[47.4132823,67.8128808],[47.4231574,67.8480175],[47.4206161,67.9129553],[47.3768163,67.9757502],[47.2715417,68.0749735],[47.2679168,68.1112341],[47.2583462,68.1375602],[47.2585932,68.1387141],[47.2440233,68.1888756],[47.2044942,68.2371262],[47.1412531,68.2817606],[47.0564195,68.3211918],[46.6911377,68.4601309],[46.6584435,68.510986],[46.6061536,68.5652431],[46.5233088,68.6141454],[46.4135699,68.6554249],[46.2819267,68.6871559],[45.9154903,68.7554051],[45.7811648,68.7744295],[45.6390677,68.7835532],[44.170498,68.8183278],[43.6329957,68.9109048],[43.5028013,68.9278648],[43.3660352,68.9357746],[43.2275441,68.9343536],[43.0922424,68.9236522],[42.9649195,68.9040494],[42.9213956,68.8955196],[42.8071022,68.8678202],[42.7091122,68.8329559],[42.630755,68.7921402],[42.5746334,68.7467865],[42.5425433,68.698457],[42.5354285,68.6488062],[42.5533693,68.5995233],[42.595601,68.5522744],[42.647067,68.5085693],[42.7222111,68.4593662],[42.8231889,68.416938],[43.482788,68.1882402],[43.4687295,68.093517],[43.4306277,68.0426295],[43.4199432,67.9895911],[43.4217548,67.9840463],[43.4154798,67.9742016],[43.3884463,67.9424073],[43.372736,67.8894219],[43.3849632,67.8363114],[43.3998193,67.8063622],[43.3872825,67.789804],[43.3822419,67.7794225],[43.3732804,67.7723526],[43.3382119,67.717405],[43.3104968,67.6380665],[43.1288106,67.428631],[43.0964368,67.3688585],[43.0674763,67.2471501],[43.06749,67.1978102],[43.0906049,67.1492972],[43.1359194,67.1032242],[43.2018159,67.0611148],[43.2860288,67.0243541],[43.385727,66.9941456],[43.7264443,66.9083466],[43.7463439,66.8962001],[43.7370593,66.8896195],[43.6956895,66.8377705],[43.6816509,66.7837131],[43.6953378,66.7296473],[43.7343247,66.6799279],[43.7184298,66.6507624],[43.7154788,66.6394418],[43.60802,66.6667118],[43.4830967,66.6859129],[43.3594857,66.6943529],[43.3436113,66.7443308],[43.309099,66.8035747],[43.2692299,66.8510563],[43.2075999,66.8947998],[43.1262517,66.9332787],[43.0279544,66.9651433],[42.8868616,67.0026232],[42.772533,67.0270208],[42.6483365,67.0424873],[42.5188232,67.0484542],[42.3887576,67.0447021],[42.2629266,67.0313689],[42.1459467,67.0089447],[42.0420807,66.978252],[42.0416308,66.9780902],[41.9663766,66.9510205],[41.8751174,66.9107459],[41.8063501,66.8641222],[41.7627304,66.8130397],[41.745859,66.7595572],[41.7489838,66.7434058],[41.7462901,66.7427559],[41.6464993,66.7060521],[41.5674301,66.6621851],[41.1151346,66.3439204],[40.9924725,66.2991389],[40.4837159,66.2251633],[40.3499705,66.1981736],[40.2347864,66.1597553],[40.1439767,66.1118788],[39.9619755,65.9887013],[39.7841156,65.9242899],[39.315492,65.7545793],[39.2205258,65.7110918],[39.1508674,65.6601672],[39.1096829,65.604233],[39.0720188,65.5213366],[39.0611198,65.4791866],[39.0662643,65.4368447],[39.1013603,65.3238542],[39.1293399,65.2728286],[39.1801879,65.2250042],[39.5550271,64.9443801],[39.5615002,64.9404352],[39.5158292,64.9158024],[39.5148726,64.9150099],[39.5082101,64.9133661],[39.4871761,64.9069258],[38.8129078,65.0433731],[38.7781987,65.0575337],[38.6702587,65.086525],[38.5506197,65.1057926],[38.4241811,65.1145447],[38.2862953,65.1180738],[38.2570316,65.1459917],[38.2039847,65.1866074],[38.1350081,65.2227882],[38.0521139,65.2534476],[37.9577582,65.2776614],[37.2871114,65.4156552],[37.1720645,65.4335184],[37.0509089,65.4419468],[36.9281159,65.4406295],[36.8082226,65.4296157],[36.6194076,65.4040392],[36.5389504,65.3893812],[36.4341981,65.4106057],[36.2127709,65.4446898],[36.0871552,65.4581139],[35.9576006,65.4607857],[35.8294365,65.4525959],[35.7079294,65.4338818],[35.6961023,65.4308175],[35.5980488,65.4054122],[35.5042493,65.368353],[35.4302828,65.3242162],[35.380423,65.2868864],[35.3295432,65.237704],[35.3278836,65.2344242],[35.3165934,65.2297074],[35.2488593,65.1880762],[35.1734776,65.1306401],[35.1214733,65.0785438],[35.0965512,65.0230092],[35.0996442,64.9664901],[35.11103,64.9290263],[35.1393912,64.8769238],[35.1912511,64.8281927],[35.2644774,64.7847255],[35.3561475,64.7482018],[35.4626697,64.7200273],[35.5799221,64.7012829],[35.6280572,64.6979317],[35.7034042,64.692686],[35.8283974,64.6945656],[35.921421,64.703963],[35.9393048,64.6688007],[35.8957316,64.6719722],[35.768273,64.6700365],[35.7566213,64.6688203],[35.7099822,64.6751885],[35.6207454,64.6793403],[35.5852282,64.6809928],[35.4603016,64.6760137],[35.430534,64.6721649],[35.3874443,64.6905503],[35.2824645,64.720176],[35.1656535,64.7402405],[35.0709888,64.7476408],[35.0714727,64.7465699],[35.0715068,64.741527],[35.0693372,64.7365708],[35.0650409,64.7318746],[35.0587693,64.7276026],[35.0507424,64.7239043],[35.0412415,64.7209088],[34.9230769,64.6904188],[35.027375,64.6279054],[35.0337418,64.6231042],[35.037691,64.6178494],[35.0390582,64.6123615],[35.0377877,64.6068707],[35.0339344,64.601607],[35.027661,64.596791],[35.0192314,64.5926244],[34.909092,64.5481877],[35.0386442,64.5177001],[35.0485172,64.5148122],[35.0569382,64.5111723],[35.0636019,64.5069127],[35.0682673,64.502188],[35.0707661,64.4971696],[35.071009,64.4920396],[35.0689883,64.486984],[35.0647786,64.4821858],[35.0585334,64.4778189],[35.0522924,64.4742137],[35.0517225,64.473036],[35.0522924,64.4742137],[35.0542669,64.4782945],[35.0543404,64.4836671],[35.051939,64.4889402],[35.0471565,64.4939046],[35.0401818,64.4983628],[35.0312914,64.5021376],[35.0208382,64.5050788],[35.0092377,64.5070694],[34.9969517,64.5080301],[34.9844691,64.5079228],[34.9722871,64.5067516],[34.9625114,64.5048744],[34.9625117,64.5048743],[34.9625129,64.504874],[34.9625129,64.504874],[35,64.4960825],[35.0085501,64.4940773],[35,64.4873933],[34.9920163,64.4811522],[34.9545496,64.4518629],[34.9545495,64.4518629],[34.9920162,64.4811521],[34.9920163,64.4811522],[34.85,64.4],[34.5,64.2],[34.2857143,64.1428571],[34.0982143,64.0928571],[34.0714286,64.0857143],[34.0408164,64.077551],[33.8571429,64.0285714],[33.75,64],[33.6428571,63.9714286],[33.4591836,63.922449],[33.4285714,63.9142857],[33.4017857,63.9071429],[33.2142857,63.8571429],[33,63.8],[32.3571429,63.7571429],[32.25,63.75],[32.1428571,63.7428571],[31.5,63.7],[30.8571429,63.7428571],[30.75,63.75],[30.6428571,63.7571429],[30.2142857,63.7857143],[30.1798657,63.788009],[30.1798656,63.788009],[30.202502,63.7933177],[30.2309494,63.811888],[30.2309494,63.811888],[30.230951,63.811889],[30.230951,63.811889],[30.2309494,63.811888],[30.2309494,63.811888],[30.202502,63.7933177],[30.1798656,63.788009],[30.1798655,63.788009],[30,63.8],[29.7857143,63.8428571],[29.6428572,63.8714286],[29.5714286,63.8857143],[29.4642857,63.9071429],[29.3571429,63.9285714],[29.25,63.95],[29.1428571,63.9714286],[29.0357142,63.9928572],[28.9285714,64.0142857],[28.8571429,64.0285714],[28.7142857,64.0571429],[28.5,64.1],[28.2857143,64.1714286],[28.1785714,64.2071429],[28.0714286,64.2428571],[27.857143,64.3142857],[27.8571429,64.3142857],[27.6904762,64.3698413],[27.6428571,64.3857143],[27.6428571,64.3857143],[27.6428571,64.3857143],[27.4285714,64.4571429],[27.3214285,64.4928572],[27.2142857,64.5285714],[27,64.6],[26.3571429,64.7928571],[26.25,64.825],[26.1428571,64.8571429],[25.5,65.05],[25.4046624,65.0480932],[25.4046623,65.0480932],[25.380362,65.0729005],[25.380362,65.0729005],[25.3803617,65.0729008],[25.3803617,65.0729008],[25.3803616,65.0729009],[25.3778295,65.0725297],[25.3672829,65.0699488],[25.3581017,65.066571],[25.3506206,65.0625196],[25.345112,65.0579427],[25.3417757,65.0530071],[25.3407322,65.0478929],[25.3420182,65.0427865],[25.3455856,65.0378739],[25.345961,65.0374916],[25.3455701,65.0377977],[25.3074389,65.0766515],[25.1868401,65.0992604],[25.1754083,65.1020207],[25.1655563,65.1057065],[25.1577006,65.1101624],[25.1521742,65.1152001],[25.1492117,65.1206069],[25.14894,65.1261542],[25.1513722,65.1316075],[25.2195686,65.2278847],[25.2241407,65.2326199],[25.2307631,65.2369087],[25.2363512,65.2393522],[25.2255403,65.2471326],[25.2202514,65.2519847],[25.2173441,65.2571774],[25.2169333,65.262508],[25.2190367,65.2677681],[25.2449734,65.3076753],[25.1980904,65.3018167],[25.1532761,65.3067472],[25.0228045,65.3096978],[25.0136143,65.3095131],[24.8945608,65.3071198],[24.8331841,65.3032659],[24.7725152,65.3046659],[24.5346498,65.2998839],[24.4114866,65.2922466],[24.2943268,65.2747994],[24.1876408,65.2482119],[24.095466,65.2135009],[24.0212471,65.1719886],[23.9677066,65.1252491],[23.9367506,65.0750453],[23.929411,65.0232606],[23.945826,64.9718264],[23.978956,64.9305196],[23.9782225,64.9300258],[23.972498,64.9261724],[23.9283562,64.8772582],[23.911144,64.8344495],[23.8942356,64.8233349],[23.8425572,64.7816581],[23.8089644,64.736771],[23.7734441,64.6690041],[23.5651791,64.5817602],[23.4776566,64.5355892],[23.4162944,64.4822628],[23.3773783,64.4359782],[23.3702685,64.4327556],[23.1327801,64.2992811],[23.1044836,64.2942484],[23.0028487,64.264908],[22.9167219,64.2274741],[22.8494324,64.1834251],[22.8035279,64.1344925],[22.7853917,64.0932952],[22.7043134,64.0721582],[22.6076311,64.0323091],[22.5977203,64.0272202],[22.5941623,64.0264091],[22.5114865,64.0159654],[22.3950753,63.9953328],[22.2909319,63.9647301],[22.2034503,63.9254643],[22.1533818,63.8910044],[22.0955784,63.8626275],[22.0339237,63.8161375],[22.0075783,63.781851],[22.0070709,63.7816033],[21.9771878,63.758799],[21.8789404,63.7273904],[21.796338,63.6874845],[21.7337471,63.6410594],[21.7227136,63.6270391],[21.709458,63.6203416],[21.7004547,63.6185403],[21.6380295,63.599278],[21.6093953,63.5904425],[21.5316255,63.5554268],[21.4697441,63.514689],[21.4257811,63.4696138],[21.4129811,63.4522521],[21.382148,63.4452525],[21.2836355,63.4171432],[21.1993837,63.381042],[21.1325651,63.3383354],[21.1089417,63.3143276],[21.1825946,63.3112742],[21.1776728,63.3139668],[21.1721178,63.3186324],[21.1686956,63.3236956],[21.1675389,63.3289617],[21.1686934,63.3342282],[21.1721161,63.3392925],[21.1776762,63.3439594],[21.1851606,63.3480492],[21.1942815,63.3514043],[21.3131346,63.3868927],[21.3234784,63.389359],[21.3346931,63.3908801],[21.3463529,63.391398],[21.358015,63.3908931],[21.3692365,63.3893846],[21.3795914,63.3869298],[21.3886867,63.3836219],[21.3961777,63.3795865],[21.401781,63.3749766],[21.4305329,63.3445708],[21.4338869,63.3398556],[21.4352644,63.3349445],[21.4346202,63.3300028],[21.4319769,63.3251969],[21.4274245,63.3206885],[21.3705867,63.2757671],[21.42829,63.27305],[21.4399884,63.2719574],[21.450971,63.2698418],[21.4608008,63.2667873],[21.4690869,63.2629155],[21.4755002,63.2583805],[21.4797866,63.2533627],[21.4817769,63.2480616],[21.4826072,63.2425419],[21.4927609,63.2439381],[21.5038365,63.2444882],[21.5149461,63.2441038],[21.6458763,63.2338682],[21.6447048,63.2321978],[21.6405231,63.2319489],[21.6290926,63.230168],[21.6186963,63.2273926],[21.6097591,63.2237363],[21.602646,63.2193486],[21.5976468,63.214409],[21.5947117,63.2104853],[21.5947126,63.2104852],[21.5947161,63.210485],[21.7260368,63.2002191],[21.7424173,63.1989385],[21.7424174,63.1989385],[21.7313684,63.1998022],[21.7190745,63.2007633],[21.6543664,63.2058218],[21.5681941,63.0909254],[21.5588156,63.0959353],[21.5732157,63.1229526],[21.531205,63.1255799],[21.531205,63.1255799],[21.5312014,63.1255801],[21.5312004,63.1255802],[21.5116775,63.099481],[21.5089977,63.0941107],[21.5088061,63.088607],[21.5111093,63.0832013],[21.5118551,63.0823951],[21.5082077,63.0813305],[21.5000048,63.0777726],[21.4934554,63.0735763],[21.4891604,63.0692592],[21.4891637,63.0692613],[21.4891637,63.0692613],[21.4891637,63.0692613],[21.4891764,63.0692692],[21.4891764,63.0692692],[21.4940149,63.0722952],[21.6092726,63.0452647],[21.6092726,63.0452647],[21.6092726,63.0452647],[21.5452156,63.0602875],[21.5452156,63.0602875],[21.5,63],[21.4285714,62.7857143],[21.3571429,62.5714286],[21.3333334,62.5000001],[21.2857143,62.3571429],[21.2836162,62.3508485],[21.3392134,62.3563385],[21.3378142,62.3494007],[21.3392134,62.3563385],[21.2708127,62.3495842],[21.2708127,62.4062191],[21.2708127,62.4103729],[21.2353445,62.382646],[21.2353406,62.3826429],[21.2353396,62.3826422],[21.2261249,62.3548332],[21.225535,62.3496629],[21.2271046,62.3445372],[21.230774,62.3396465],[21.2364062,62.3351726],[21.2437911,62.3312815],[21.252654,62.3281176],[21.2626656,62.3257985],[21.2709037,62.3247384],[21.2705769,62.3242291],[21.2653557,62.3196069],[21.2583198,62.315538],[21.2497329,62.3121746],[21.2399161,62.3096424],[21.2292365,62.3080358],[21.2180929,62.307415],[21.2069016,62.307803],[21.1960803,62.3091855],[21.1860332,62.3115107],[21.1771359,62.3146919],[21.1697211,62.3186101],[21.1409067,62.3371744],[21.1355342,62.3413939],[21.1318932,62.3459956],[21.1301046,62.3508278],[21.1302285,62.3557308],[21.1348742,62.3766439],[21.1348548,62.3766429],[21.1236178,62.3770725],[21.1127707,62.3784998],[21.1027206,62.3808711],[21.0938449,62.3840976],[21.086477,62.3880581],[21.0808944,62.3926039],[21.0773076,62.3975643],[21.0758524,62.4027527],[21.0765846,62.4079742],[21.0920359,62.4517231],[21.0797709,62.4555543],[21.0710368,62.4588966],[21.063864,62.4629578],[21.0585239,62.4675846],[21.0552193,62.4726023],[21.0540758,62.4778213],[21.0551379,62.4830443],[21.0583666,62.4880738],[21.0915952,62.5258335],[21.0743569,62.5419708],[21.0703006,62.5469515],[21.0684413,62.5522031],[21.0688526,62.5575212],[21.0715196,62.5626989],[21.0763396,62.5675348],[21.080487,62.5701662],[21.0754394,62.5695223],[21.0636574,62.5691525],[21.0519546,62.5698799],[21.0408066,62.5716748],[21.0306662,62.5744643],[21.0219459,62.5781352],[21.0150005,62.5825382],[21.0101135,62.5874942],[21.0074846,62.5928018],[21.0072221,62.5982448],[21.0214581,62.680991],[21.0238292,62.6867293],[21.0288352,62.6920991],[21.0362427,62.6968484],[21.0923554,62.725599],[21.056683,62.7730737],[21.0540583,62.7780527],[21.0535364,62.7831693],[21.0551371,62.7882392],[21.0588037,62.7930794],[21.064405,62.7975155],[21.0717396,62.8013872],[21.0805433,62.8045547],[21.0904984,62.8069036],[21.1012455,62.808349],[21.1123962,62.8088386],[21.1404989,62.8088431],[21.1853735,62.8774065],[21.1895458,62.8821044],[21.1955721,62.8863636],[21.2032401,62.8900333],[21.2122794,62.892984],[21.2223706,62.8951111],[21.2331567,62.8963395],[21.3412204,62.9037735],[21.3643238,62.9484674],[21.3676921,62.9530705],[21.3728188,62.9573247],[21.3795385,62.9610923],[21.3876343,62.9642514],[21.3968442,62.9666995],[21.3979413,62.9669336],[21.3809217,63.0355029],[21.3807012,63.0404755],[21.382497,63.0453821],[21.3862488,63.050056],[21.39183,63.0543381],[21.4458035,63.0881284],[21.4538337,63.0922049],[21.4635142,63.0954651],[21.474448,63.0977748],[21.486186,63.0990393],[21.4982457,63.0992065],[21.4998793,63.0990778],[21.5004067,63.1007515],[21.4998461,63.1008119],[21.4893509,63.1029755],[21.4799714,63.1060131],[21.4720583,63.1098111],[21.4659083,63.1142277],[21.461752,63.1190977],[21.4597459,63.1242388],[21.4524589,63.1664501],[21.4526437,63.1715326],[21.454022,63.1745243],[21.4487053,63.1734363],[21.4378821,63.1722457],[21.4267585,63.1719821],[21.4157201,63.1726546],[21.3833642,63.1760311],[21.2844079,63.130987],[21.275011,63.127495],[21.264246,63.1249363],[21.2525595,63.1234171],[21.2404359,63.1230002],[21.2283777,63.1237031],[21.2168845,63.1254964],[21.2064329,63.128306],[21.1974565,63.1320154],[21.1903282,63.1364706],[21.1650526,63.1562199],[21.155242,63.1552519],[21.143287,63.1551728],[21.131537,63.1561706],[21.1204617,63.1582052],[21.1105044,63.1611953],[21.1020636,63.1650213],[21.095478,63.1695301],[21.091012,63.1745411],[21.0487306,63.2400946],[21.0015262,63.1754467],[20.9943118,63.160463],[20.9795329,63.1453311],[20.9353817,63.0848794],[20.9117819,63.0394658],[20.7080235,62.3896129],[20.7030243,62.3379026],[20.7195733,62.2867173],[20.7383316,62.262267],[20.7369901,62.2548917],[20.7386242,62.2021226],[20.7387837,62.2017774],[20.7318138,62.1892322],[20.7205228,62.1689094],[20.6690315,62.0319528],[20.6606847,61.9780296],[20.6755969,61.9244306],[20.7130469,61.8733207],[20.7714229,61.8267542],[20.8483023,61.7865941],[20.9001401,61.7644063],[20.8988042,61.7550573],[20.9102145,61.7072786],[20.9394482,61.6612322],[20.9480584,61.6532315],[20.9276865,61.6213275],[20.925433,61.6109855],[20.8961708,61.5839627],[20.8657048,61.5328801],[20.8570627,61.4799706],[20.8704714,61.4273038],[20.885956,61.4049312],[20.8843667,61.3893378],[20.8958155,61.3532897],[20.8885087,61.3484397],[20.8318812,61.3014122],[20.7962953,61.249918],[20.7831052,61.1960723],[20.7884421,61.1661764],[20.7845677,61.1626864],[20.7529528,61.112612],[20.743922,61.0689833],[20.7108315,61.0305464],[20.6965452,60.996693],[20.6698486,60.9641007],[20.6605725,60.940363],[20.6387306,60.8954769],[20.6355841,60.8410525]],[[21.0710373,63.0020351],[21.0724655,63.0072953],[21.0761311,63.0123274],[21.0818937,63.0169371],[21.0895317,63.0209462],[21.0987503,63.0241998],[21.1091937,63.026572],[21.1204579,63.0279711],[21.1321074,63.0283429],[21.1436912,63.027673],[21.2085478,63.0209126],[21.2198897,63.0191645],[21.2302265,63.0164184],[21.2391375,63.0127863],[21.2462607,63.008416],[21.2513069,63.0034853],[21.2540721,62.9981949],[21.2683745,62.9492199],[21.2687524,62.9438394],[21.266776,62.9385315],[21.2625252,62.9335076],[21.2561703,62.9289673],[21.2479648,62.9250913],[21.2382354,62.9220336],[21.2273692,62.9199156],[21.2157978,62.9188214],[21.2039808,62.9187946],[21.1923874,62.9198361],[21.1312364,62.9282714],[21.1211385,62.9301383],[21.1119614,62.9328154],[21.1040155,62.9362125],[21.0975695,62.9402147],[21.0928419,62.9446867],[21.0899934,62.9494775],[21.0719006,62.99675],[21.0710373,63.0020351]],[[21.1880119,60.860259],[21.2600126,60.8535047],[21.2600126,60.8535047],[21.2636126,60.8298646],[21.2636126,60.8298646],[21.2600126,60.8535047],[21.1880119,60.860259],[21.1880119,60.860259]],[[21.202412,60.8889648],[21.299613,60.8957191],[21.3039478,60.9038519],[21.299613,60.8957191],[21.2024122,60.8889648],[21.202412,60.8889648]],[[21.2276123,60.5596923],[21.2276123,60.5596922],[21.2492125,60.4989035],[21.3176132,60.4820177],[21.3176132,60.4820177],[21.3176132,60.4820177],[21.2492125,60.4989035],[21.2276123,60.5596923]],[[21.2348123,61.9848515],[21.2348123,61.9848515],[21.2482344,61.9790596],[21.2348123,61.9848515]],[[21.2354711,60.6268918],[21.2708127,60.6424325],[21.299613,60.5681351],[21.299613,60.5681352],[21.2708127,60.6424325],[21.2354711,60.6268918]],[[21.2420124,60.9514422],[21.2420124,60.9514422],[21.3140131,60.9227364],[21.3140131,60.9227364],[21.2420124,60.9514422]],[[21.2708127,60.1898938],[21.3536135,60.2118453],[21.4472145,60.1831395],[21.4472144,60.1831395],[21.3536135,60.2118453],[21.2708128,60.1898938],[21.2708127,60.1898938]],[[21.2722242,62.0796096],[21.2888129,62.1216262],[21.3140131,62.1098062],[21.3140131,62.1098062],[21.2888129,62.1216262],[21.2722242,62.0796096]],[[21.296013,60.3705716],[21.3392134,60.3840802],[21.3536135,60.3519973],[21.296013,60.3705716]],[[21.299613,61.0595111],[21.4832148,61.0595111],[21.4832148,61.0595111],[21.299613,61.0595111],[21.299613,61.0595111]],[[21.3140131,62.2313838],[21.3140132,62.2313838],[21.3688685,62.2631674],[21.3140131,62.2313838]],[[21.3176132,60.8653247],[21.4292143,60.8754562],[21.4292143,60.8754562],[21.3176132,60.8653247],[21.3194667,60.8575002],[21.3176132,60.8653247]],[[21.3248132,60.8349304],[21.4220142,60.7589444],[21.4220142,60.7589444],[21.3248132,60.8349304],[21.3248132,60.8349304]],[[21.3284133,60.5259207],[21.3356134,60.5580037],[21.3356134,60.5580037],[21.3284133,60.5259207],[21.3284133,60.5259207]],[[21.3428134,61.1912202],[21.3428135,61.1912202],[21.4220142,61.176023],[21.4220142,61.176023],[21.3428134,61.1912202]],[[21.3536135,60.6897127],[21.4400144,60.6795812],[21.4400144,60.6795812],[21.3536135,60.6897127],[21.3536135,60.6897127]],[[21.3536135,60.9024734],[21.4292143,60.9024734],[21.4292143,60.9024734],[21.3536137,60.9024734],[21.3536135,60.9024734]],[[21.3536135,62.2313838],[21.3536135,62.2313838],[21.3896139,62.2077437],[21.3896139,62.2077437],[21.3536135,62.2313838]],[[21.3626344,61.2042358],[21.3788138,61.2148602],[21.4056636,61.1907222],[21.3788138,61.2148602],[21.3626344,61.2042358]],[[21.3673468,62.2539291],[21.3752137,62.2668439],[21.3752138,62.2668439],[21.3673468,62.2539291]],[[21.3694249,60.6632262],[21.3788138,60.6474983],[21.4688147,60.608661],[21.4688147,60.608661],[21.4148141,60.608661],[21.4148141,60.608661],[21.4148141,60.608661],[21.4688147,60.608661],[21.3788138,60.6474983],[21.3694249,60.6632262]],[[21.3753195,60.1637507],[21.3788138,60.1628766],[21.3788138,60.1628766],[21.3753195,60.1637507]],[[21.3860139,60.7521901],[21.386014,60.7521901],[21.4285868,60.7417717],[21.3860139,60.7521901]],[[21.3932139,61.8886026],[21.3932139,61.8886026],[21.4868149,61.810928],[21.4688147,61.7602707],[21.4937797,61.7471417],[21.4688147,61.7602707],[21.4868149,61.810928],[21.3932139,61.8886026]],[[21.4076141,60.5799552],[21.409784,60.5886062],[21.4076141,60.5799552],[21.4482198,60.5771777],[21.4076141,60.5799552]],[[21.4220142,60.7251728],[21.4688146,60.7319271],[21.4688147,60.7319271],[21.4220142,60.7251728],[21.4220142,60.7251728]],[[21.4220142,61.4850326],[21.5912159,61.4850326],[21.5912159,61.4850326],[21.4220142,61.4850326],[21.4220142,61.4850326]],[[21.4364144,61.1422514],[21.4688147,61.1490057],[21.4688147,61.1490057],[21.4364144,61.1422514],[21.4443436,61.1139857],[21.4364144,61.1422514]],[[21.4391774,60.5424451],[21.4832148,60.5259207],[21.4436144,60.4718862],[21.4436144,60.4718862],[21.4832148,60.5259207],[21.4391774,60.5424451]],[[21.4436144,61.1692687],[21.4436145,61.1692687],[21.4557518,61.1595093],[21.4436144,61.1692687]],[[21.4472145,61.4022923],[21.5732156,61.4158009],[21.5732157,61.4158009],[21.4472145,61.4022923],[21.4472145,61.4022923]],[[21.4688147,61.54751],[21.4688147,61.54751],[21.5678824,61.4969427],[21.4688147,61.54751]],[[21.4760148,61.2452546],[21.5125375,61.263287],[21.4760148,61.2452546],[21.4760148,61.2452546]],[[21.4801534,61.3930224],[21.5192152,61.3820294],[21.5244798,61.360511],[21.5192152,61.3820294],[21.4801534,61.3930224]],[[21.4832148,60.1155964],[21.5588154,60.1223507],[21.5588156,60.1223507],[21.4832149,60.1155964],[21.4832148,60.1155964]],[[21.497615,60.1358594],[21.497615,60.1358594],[21.526554,60.1294718],[21.497615,60.1358594]],[[21.5006305,61.2332068],[21.5588156,61.2047288],[21.5588156,61.2047288],[21.5006305,61.2332068]],[[21.5027874,60.1043759],[21.5156152,60.0970221],[21.5489073,60.0987571],[21.5156152,60.0970221],[21.5027874,60.1043759]],[[21.5115823,61.5628601],[21.7172171,61.527247],[21.7172172,61.527247],[21.5115823,61.5628601]],[[21.5192152,60.5681351],[21.5804151,60.5681351],[21.5804158,60.5681351],[21.5192152,60.5681351],[21.5192152,60.5681351]],[[21.5192152,61.711302],[21.5192152,61.711302],[21.5372154,61.6505132],[21.6667202,61.5618276],[21.5372154,61.6505132],[21.5192152,61.711302]],[[21.5445995,60.1578972],[21.5696157,60.1696309],[21.6063364,60.1638897],[21.5696157,60.1696309],[21.5445995,60.1578972]],[[21.5569761,61.7038445],[21.5876158,61.6977934],[21.5876159,61.6977933],[21.5569761,61.7038445]],[[21.5588156,60.4921492],[21.5588156,60.4921492],[21.5942623,60.4899324],[21.5588156,60.4921492]],[[21.5677654,60.2360043],[21.5876159,60.269257],[21.5876159,60.269257],[21.5677654,60.2360043]],[[21.594076,63.0770996],[21.6884169,63.0267037],[21.6884167,63.0267037],[21.594076,63.0770996]],[[21.602016,60.2219768],[21.6114446,60.2333488],[21.602016,60.2219768],[21.602016,60.2219768]],[[21.6128161,60.1020878],[21.6242812,60.1164281],[21.6128161,60.1020878],[21.6128161,60.1020878]],[[21.6605452,60.5462074],[21.6632166,60.5681351],[21.6632166,60.5681351],[21.6605452,60.5462074]],[[21.6812168,60.4651319],[21.7038915,60.4958566],[21.6812168,60.4651319],[21.6812168,60.4651319]],[[21.695617,60.1223507],[21.7064171,60.1713195],[21.7424174,60.1898938],[21.8864189,60.1763852],[21.8864188,60.1763852],[21.7424174,60.1898938],[21.7064171,60.1713195],[21.695617,60.1223507],[21.695617,60.1223507]],[[21.702817,63.2259558],[21.702817,63.2259558],[21.7103421,63.2208218],[21.702817,63.2259558]],[[21.7074878,60.1183736],[21.7208172,60.1139079],[21.8134548,60.1488577],[21.7208172,60.1139079],[21.7074878,60.1183736]],[[21.7117999,60.4770859],[21.7244172,60.4820177],[21.7640176,60.5259207],[21.7136171,60.5090349],[21.7136171,60.5090349],[21.7640176,60.5259207],[21.7244172,60.4820177],[21.7117999,60.4770859]],[[21.7856179,60.4786406],[21.8072181,60.5748895],[21.8072181,60.5748895],[21.7856179,60.4786406],[21.8756187,60.4786406],[21.8756188,60.4786406],[21.7856179,60.4786406]],[[21.7928179,60.3739488],[21.792818,60.3739488],[21.89928,60.3273423],[21.7928179,60.3739488]],[[21.8072181,60.4668205],[21.8072181,60.4668205],[21.9332193,60.4229175],[21.9466549,60.4027515],[21.9332193,60.4229175],[21.8072181,60.4668205],[21.8468185,60.4094089],[21.8434031,60.4071662],[21.8468185,60.4094089],[21.8072181,60.4668205]],[[21.8324183,58.511448],[21.9944199,58.5131366],[22.0880209,58.4219534],[22.0977557,58.4664725],[22.0880209,58.4219534],[21.9944199,58.5131366],[21.8324184,58.511448],[21.8324183,58.511448]],[[21.8398438,60.6276551],[21.8468185,60.5883981],[21.8468185,60.5883981],[21.8398438,60.6276551]],[[21.8432184,60.5157893],[21.904419,60.5292979],[22.0484205,60.4381147],[22.0484205,60.4381147],[21.904419,60.5292979],[21.8432184,60.5157893],[21.8432184,60.5157893]],[[21.8432184,58.2936216],[21.8432184,58.2936216],[21.8709608,58.2719342],[21.8432184,58.2936216]],[[21.8580863,63.2534381],[21.8936189,63.2597273],[21.8822116,63.1955208],[21.8936189,63.2597273],[21.8580863,63.2534381]],[[21.8720187,58.3409017],[21.9440194,58.3189502],[22.0124201,58.3544103],[22.0124201,58.3544103],[21.9440194,58.3189502],[21.8720188,58.3409017],[21.8720187,58.3409017]],[[21.8756188,60.3047171],[21.8756188,60.3047171],[21.9394386,60.2864962],[21.8756188,60.3047171]],[[21.8792188,63.1786756],[21.8792188,63.1786756],[21.9196261,63.1649511],[21.8792188,63.1786756]],[[21.8936189,60.3959003],[21.9512195,60.3959003],[21.9512195,60.3959003],[21.893619,60.3959003],[21.8936189,60.3959003]],[[21.894382,60.305695],[21.9728197,60.3097828],[21.966584,60.2973522],[21.9728197,60.3097828],[21.894382,60.305695]],[[21.8954089,58.3134741],[21.9080191,58.2986873],[21.9080191,58.2986873],[21.8954089,58.3134741]],[[21.900819,60.3266686],[21.9339696,60.3289722],[21.900819,60.3266686],[21.900819,60.3266686]],[[21.9368194,60.1763852],[22.0592206,60.2118453],[22.0736207,60.1966481],[22.0736207,60.1966481],[22.0592206,60.2118453],[21.9368194,60.1763852],[21.9368194,60.1763852]],[[21.9421998,58.2450138],[22.0160202,58.2345214],[22.0736207,58.1754212],[22.1508928,58.1593127],[22.0736207,58.1754212],[22.0160202,58.2345214],[21.9421998,58.2450138]],[[21.9584196,63.3323361],[21.99802,63.384682],[22.0383009,63.3839823],[21.99802,63.384682],[21.9584196,63.3323362],[21.9584196,63.3323361]],[[21.9620196,60.3469315],[21.9620196,60.3469315],[21.9963473,60.3340505],[21.9620196,60.3469315]],[[21.9620196,57.9846119],[21.99802,57.9846119],[22.0416717,58.0340922],[21.99802,57.9846119],[21.9620196,57.9846119],[21.9620196,57.9846119]],[[21.9728197,63.2867446],[21.9728198,63.2867446],[22.02751,63.28308],[21.9728197,63.2867446]],[[21.9777752,60.3585445],[21.9872199,60.3655059],[21.9872199,60.3655059],[21.9777752,60.3585445]],[[21.9837743,57.956041],[22.0160202,57.9136917],[22.0484205,57.9153803],[22.203222,57.9947434],[22.2716227,58.1737326],[22.2966936,58.1896917],[22.2716227,58.1737326],[22.203222,57.9947434],[22.0484205,57.9153803],[22.0160202,57.9136917],[21.9837743,57.956041]],[[22.0124201,60.1696309],[22.0124201,60.1696309],[22.0260188,60.1623413],[22.0124201,60.1696309]],[[22.0424867,63.363466],[22.0952209,63.3829935],[22.095221,63.3829935],[22.0424867,63.363466]],[[22.0537641,60.440454],[22.102421,60.4617548],[22.1331248,60.4489837],[22.102421,60.4617548],[22.0537641,60.440454]],[[22.0556206,58.9521667],[22.4624245,58.970741],[22.4624246,58.970741],[22.0556206,58.9521667],[22.0607071,58.9330802],[22.0556206,58.9521667]],[[22.0628206,58.9251495],[22.196022,58.8880008],[22.2932229,58.8947551],[22.3356486,58.8816633],[22.2932229,58.8947551],[22.196022,58.8880008],[22.0628206,58.9251495],[22.0628206,58.9251495]],[[22.0700207,63.3188275],[22.196022,63.3103846],[22.2320223,63.3390904],[22.238841,63.3238987],[22.2320223,63.3390904],[22.196022,63.3103846],[22.0700207,63.3188275],[22.0700207,63.3188275]],[[22.0808208,60.269257],[22.0808208,60.269257],[22.1598705,60.2785264],[22.0808208,60.269257]],[[22.0844208,58.0825494],[22.0844208,58.0825494],[22.0928411,58.0821106],[22.0844208,58.0825494]],[[22.0844208,63.2614159],[22.0844208,63.2614159],[22.0867107,63.2610368],[22.0844208,63.2614159],[22.0844208,63.2614159]],[[22.0929717,60.2904258],[22.1060211,60.31316],[22.1060211,60.31316],[22.0929717,60.2904258]],[[22.102421,58.4878079],[22.102421,58.4878079],[22.1888219,58.543531],[22.1888219,58.543531],[22.102421,58.4878079]],[[22.1132211,63.2833674],[22.1132211,63.2833674],[22.1140018,63.283286],[22.1132211,63.2833674],[22.1600216,63.2732359],[22.1600216,63.2732359],[22.1132211,63.2833674]],[[22.1924219,63.4589794],[22.2464225,63.4691109],[22.2464225,63.4691109],[22.1924219,63.4589794],[22.1924219,63.4589794]],[[22.1939146,63.4477775],[22.196022,63.4319622],[22.3472235,63.3492219],[22.3592187,63.3355581],[22.3472235,63.3492219],[22.196022,63.4319622],[22.1939146,63.4477775]],[[22.1949035,60.3028979],[22.3400234,60.2861427],[22.3400233,60.2861427],[22.1949035,60.3028979]],[[22.2104221,60.205091],[22.2541935,60.2265144],[22.2104222,60.205091],[22.2104221,60.205091]],[[22.2140221,60.2523712],[22.2451119,60.2607041],[22.2140221,60.2523712],[22.2140221,60.2523712]],[[22.2250818,63.2663044],[22.2788228,63.3019417],[22.3224794,63.2858528],[22.2788228,63.3019417],[22.2250818,63.2663044]],[[22.2788228,63.4876852],[22.2803378,63.5040288],[22.2788228,63.4876852],[22.2788228,63.4876852]],[[22.2814626,60.2227643],[22.2932229,60.2456169],[22.2932229,60.2456169],[22.2814626,60.2227643]],[[22.2824228,63.5265225],[22.2824228,63.5265225],[22.3053528,63.5250885],[22.2824228,63.5265225]],[[22.2896229,60.149368],[22.2896229,60.149368],[22.3257705,60.1480638],[22.2896229,60.149368]],[[22.3112231,60.3216029],[22.3112232,60.3216029],[22.3868239,60.3216029],[22.3806295,60.3117245],[22.3868239,60.3216029],[22.3112231,60.3216029]],[[22.3148231,60.1915824],[22.3148231,60.1915824],[22.3371895,60.1926315],[22.3148231,60.1915824]],[[22.3184232,60.1645652],[22.3868238,60.1949596],[22.3868239,60.1949596],[22.3184232,60.1645652],[22.3184232,60.1645652]],[[22.3292233,63.2833674],[22.3340045,63.2874788],[22.3292233,63.2833674],[22.3292233,63.2833674]],[[22.3328233,63.492751],[22.334589,63.5076582],[22.3328233,63.492751],[22.3328233,63.492751]],[[22.3544235,60.0750706],[22.3573735,60.0738714],[22.3544235,60.0750706],[22.3544235,60.0750706]],[[22.3569215,60.0375775],[22.3580236,60.0210361],[22.3644015,60.013771],[22.3580236,60.0210361],[22.3569215,60.0375775]],[[22.3672728,63.4376568],[22.401224,63.4184536],[22.4012239,63.4184536],[22.3672728,63.4376568]],[[22.3688237,60.2928971],[22.3688237,60.2928971],[22.3940239,60.2928971],[22.4768247,60.3216029],[22.4768248,60.3216029],[22.3940239,60.2928971],[22.3688237,60.2928971]],[[22.3690235,60.3441953],[22.397624,60.3553744],[22.397624,60.3553744],[22.3980552,60.3551905],[22.397624,60.3553744],[22.3690235,60.3441953]],[[22.3832238,59.9923303],[22.3937418,59.9932009],[22.3832238,59.9923303],[22.3832238,59.9923303]],[[22.4054355,60.3943085],[22.4840248,60.4026546],[22.4840248,60.4026546],[22.4054355,60.3943085]],[[22.4084241,60.0531191],[22.4101269,60.0682947],[22.4084241,60.0531191],[22.4084241,60.0531191]],[[22.4120241,60.085202],[22.4120241,60.085202],[22.4414238,60.0700333],[22.4120241,60.085202]],[[22.4156242,60.149368],[22.4480245,60.2219768],[22.4535115,60.2226202],[22.4480245,60.2219768],[22.4156242,60.149368],[22.599226,60.1426137],[22.5992259,60.1426137],[22.4156242,60.149368]],[[22.4228242,60.1155964],[22.5251651,60.1312707],[22.5251651,60.1312707],[22.5251651,60.1312707],[22.4228243,60.1155964],[22.4228242,60.1155964]],[[22.4408244,58.9842497],[22.4408245,58.9842497],[22.4473132,58.9801916],[22.4408244,58.9842497]],[[22.443789,58.6085341],[22.5488255,58.6296484],[22.6496265,58.587434],[22.8420613,58.6088115],[22.6496265,58.587434],[22.5488255,58.6296484],[22.443789,58.6085341]],[[22.4444244,59.997396],[22.4468919,60.0448472],[22.4444244,59.997396],[22.4444244,59.997396]],[[22.4480245,60.2456169],[22.6280263,60.3756373],[22.6272027,60.3810452],[22.6280263,60.3756373],[22.4480245,60.2456169],[22.4897282,60.2526029],[22.4480245,60.2456169]],[[22.4591228,60.0928956],[22.4768248,60.0818249],[22.4696247,59.997396],[22.4696247,59.997396],[22.4768248,60.0818249],[22.4591228,60.0928956]],[[22.4624246,63.5552283],[22.4624246,63.5552283],[22.4861855,63.5744787],[22.4624246,63.5552283]],[[22.4624246,58.7157659],[22.4624246,58.7157659],[22.5560256,58.6870601],[22.6532265,58.7022573],[22.7371539,58.7832381],[22.6532265,58.7022573],[22.5560256,58.6870601],[22.4624246,58.7157659]],[[22.4624246,60.3756373],[22.4643109,60.3779966],[22.4624246,60.3756373],[22.4624246,60.3756373]],[[22.4642329,58.7951152],[22.498425,58.7377174],[22.498425,58.7377174],[22.4642329,58.7951152]],[[22.4660247,60.1831395],[22.4660247,60.1831395],[22.8440284,60.2422397],[22.9196292,60.2962742],[22.9230898,60.2959496],[22.9196292,60.2962742],[22.8440284,60.2422397],[22.4660247,60.1831395]],[[22.475696,58.9817333],[22.4876249,58.9808725],[22.4876249,59.0163326],[22.5596256,59.0382841],[22.5884259,59.0872529],[22.5884259,59.0872529],[22.5596256,59.0382841],[22.4876249,59.0163326],[22.4876249,58.9808725],[22.475696,58.9817333]],[[22.4768248,58.2446528],[22.4768248,58.2446528],[22.5056251,58.2227013],[22.5056251,58.2227013],[22.4768248,58.2446528],[22.4768248,58.2446528]],[[22.498425,63.6227714],[22.5067604,63.6345005],[22.498425,63.6227714],[22.498425,63.6227714]],[[22.502025,63.5873113],[22.502025,63.5873113],[22.5096446,63.5852265],[22.502025,63.5873113]],[[22.5041402,63.6169977],[22.5452255,63.5754913],[22.5452254,63.5754913],[22.5041402,63.6169977]],[[22.5180679,60.3733678],[22.5452255,60.3722602],[22.5551317,60.3756394],[22.5452255,60.3722602],[22.5452255,60.3722602],[22.5180679,60.3733678]],[[22.5205392,58.2393154],[22.5344253,58.2547843],[22.7216272,58.2260785],[22.7352298,58.2324587],[22.7216272,58.2260785],[22.5344253,58.2547843],[22.5205392,58.2393154]],[[22.5236252,60.205091],[22.6496264,60.2793884],[22.6496265,60.2793884],[22.5236253,60.205091],[22.5236252,60.205091]],[[22.5242293,60.0192415],[22.5920259,60.0463648],[22.5920259,60.0463647],[22.5242293,60.0192415]],[[22.587457,63.691099],[22.5884259,63.7038231],[22.6296458,63.7030176],[22.5884259,63.7038231],[22.587457,63.691099]],[[22.609433,59.9931433],[22.6532265,60.0328562],[22.6571045,60.0280814],[22.6532265,60.0328562],[22.609433,59.9931433]],[[22.6573074,59.0857843],[22.6676267,59.0855643],[22.6676267,59.0855643],[22.6573074,59.0857843]],[[22.6615585,60.2270222],[22.7360274,60.2388626],[22.7725914,60.2527031],[22.7360274,60.2388626],[22.6615585,60.2270222]],[[22.6748267,63.7021346],[22.6748267,63.7021346],[22.7396274,63.6227714],[22.7780782,63.6305008],[22.7396274,63.6227714],[22.6748267,63.7021346]],[[22.6751091,59.0831346],[22.7144271,59.0703671],[22.6928269,59.0416613],[22.7066859,59.0297438],[22.6928269,59.0416613],[22.7144271,59.0703671],[22.6751091,59.0831346]],[[22.6820268,63.7578576],[22.8080281,63.7798091],[22.8124431,63.7791188],[22.8080281,63.7798091],[22.6820268,63.7578576],[22.6820268,63.7578576]],[[22.7147057,63.7425298],[22.7576276,63.7223975],[22.800828,63.7375947],[22.8296283,63.776432],[22.8296283,63.776432],[22.800828,63.7375947],[22.7576276,63.7223975],[22.7147057,63.7425298]],[[22.7216272,58.2699815],[22.8448167,58.2988722],[22.7216272,58.2699815],[22.7216272,58.2699815]],[[22.7277184,58.2654102],[22.7576276,58.2429642],[22.7576276,58.2429642],[22.7277184,58.2654102]],[[22.7288273,60.0463648],[22.7946007,60.0818898],[22.7288273,60.0463648],[22.7288273,60.0463648]],[[22.748149,60.0234087],[22.7576276,60.0328562],[22.7576276,60.0328562],[22.748149,60.0234087]],[[22.7900279,58.7816204],[22.7900279,58.7816204],[22.8440284,58.7765547],[22.8872289,58.7900633],[22.8872289,58.7900633],[22.8440284,58.7765547],[22.7900279,58.7816204]],[[22.794764,58.7865076],[22.8260283,58.8187691],[22.81343,58.8201327],[22.8260283,58.8187691],[22.794764,58.7865076]],[[22.8332283,60.193271],[22.8721,60.2194803],[22.8332283,60.193271],[22.8415502,60.1454554],[22.8332283,60.193271]],[[22.8332283,63.7257746],[22.9268293,63.7426604],[22.9130238,63.7713371],[22.9268293,63.7426604],[22.8332284,63.7257746],[22.8332283,63.7257746]],[[22.8440284,60.0818249],[22.8440285,60.0818249],[22.8600115,60.0823419],[22.8440284,60.0818249]],[[22.8548285,60.041299],[22.8836287,60.0480533],[22.8836288,60.0480533],[22.8548286,60.041299],[22.8548285,60.041299]],[[22.8548285,60.0548077],[22.8548286,60.0548077],[22.8653925,60.0523302],[22.8548285,60.0548077]],[[22.8578503,60.0157871],[22.8584286,60.0109047],[22.8584286,60.0109046],[22.8578503,60.0157871]],[[22.8656287,60.1831395],[22.9656165,60.2628674],[22.8656287,60.1831395],[22.8764288,60.149368],[22.9082994,60.1303946],[22.8764288,60.149368],[22.8656287,60.1831395]],[[22.8719072,63.6861744],[22.901629,63.7055117],[22.901629,63.7055117],[22.8719072,63.6861744]],[[22.8800288,58.8322777],[22.8800288,58.8322777],[22.8805673,58.8291206],[22.8800288,58.8322777]],[[22.883755,60.1060485],[22.9160292,60.1257279],[22.9160292,60.1257279],[22.883755,60.1060485]],[[22.901629,63.7950063],[22.9332306,63.7849481],[22.901629,63.7950063],[22.901629,63.7950063]],[[22.9052291,59.8116525],[22.9378551,59.8422587],[22.9052291,59.8116525],[22.9052291,59.8116525]],[[22.9085771,58.3169986],[22.9700297,58.3594761],[22.9700297,58.3594761],[22.9085771,58.3169986]],[[22.9116689,60.066232],[22.9268293,60.0649391],[22.9268292,60.0649391],[22.9116689,60.066232]],[[22.9162543,60.1256487],[22.9162958,60.1256341],[22.9162958,60.1256341],[22.9162543,60.1256487]],[[22.9232292,58.6178284],[22.9232292,58.6178284],[23,58.5894449],[23.2292323,58.5046937],[23.2554818,58.4953365],[23.2292323,58.5046937],[23,58.5894449],[22.9232292,58.6178284]],[[22.9340293,58.9842497],[22.9340293,58.9842497],[23,58.8965773],[23.0420304,58.8407206],[23.0402451,58.8406276],[23.0420304,58.8407206],[23,58.8965773],[22.9340293,58.9842497]],[[22.9448294,59.8488012],[22.9448294,59.8488012],[22.9724243,59.855581],[22.9448294,59.8488012]],[[22.9528636,60.095601],[22.9556737,60.1021914],[22.9556737,60.1021914],[22.9528636,60.095601]],[[22.9556296,58.3814276],[23,58.3762247],[23.0291574,58.3728056],[23,58.3762247],[23,58.3762247],[22.9556296,58.3814276],[22.9556296,58.3814276]],[[22.971246,60.3112575],[22.99883,60.3064057],[22.9994745,60.3067868],[22.99883,60.3064057],[22.971246,60.3112575]],[[22.9916299,60.0767592],[22.9916299,60.0767592],[23,60.0705431],[23.0115572,60.0619601],[23,60.0705431],[23,60.0705431],[22.9916299,60.0767592]],[[22.9916299,63.8152692],[22.9953446,63.8171631],[22.9916299,63.8152692],[22.9916299,63.8152692]],[[22.9981596,63.7836213],[23,63.7747012],[23.0004131,63.7726991],[23,63.7747012],[22.9981596,63.7836213]],[[23.0009311,63.7634004],[23.00243,63.7629234],[23.00243,63.7629233],[23.0009311,63.7634004]],[[23.0094876,60.1244908],[23.0240302,60.1358594],[23.0310188,60.1314888],[23.0240302,60.1358594],[23.0094876,60.1244908]],[[23.0155057,60.096917],[23.0456304,60.1223507],[23.0456304,60.1223507],[23.0456305,60.1223507],[23.0155057,60.096917]],[[23.0348303,60.0446762],[23.2580326,60.0396105],[23.2580325,60.0396105],[23.0348303,60.0446762],[23.0348303,60.0446762]],[[23.0420304,58.3712961],[23.0420304,58.3712961],[23.0463752,58.3753082],[23.0420304,58.3712961],[23.0420304,58.3712961]],[[23.0600306,58.6026312],[23.0804091,58.6142019],[23.0600306,58.6026312],[23.0600306,58.6026312]],[[23.0808793,59.8822273],[23.2472325,59.9230986],[23.296654,59.9839484],[23.2472325,59.9230986],[23.0808793,59.8822273]],[[23.1104311,59.9737559],[23.1104311,59.9737559],[23.1990238,60.0132828],[23.1104311,59.9737559]],[[23.1173823,59.0179179],[23.1346343,59],[23.1561823,58.9776203],[23.1346343,59],[23.1346343,59],[23.1173823,59.0179179]],[[23.1465998,59.9354366],[23.1896319,59.9501159],[23.2031707,59.9416488],[23.1896319,59.9501159],[23.1465998,59.9354366]],[[23.1558551,59.0397896],[23.1716317,59.046727],[23.2795717,59.0362192],[23.1716317,59.046727],[23.1558551,59.0397896]],[[23.1572316,58.4776765],[23.1572316,58.4776765],[23.2364324,58.4405278],[23.2512391,58.4393703],[23.2364324,58.4405278],[23.1572316,58.4776765]],[[23.1644316,58.9690525],[23.2134256,58.9696736],[23.1644316,58.9690525],[23.1644316,58.9690525]],[[23.1927449,58.0919048],[23.2675437,58.1251503],[23.2826367,58.1349839],[23.2898283,58.136651],[23.3612907,58.1621916],[23.3710868,58.1556349],[23.4350549,58.1274284],[23.4322775,58.1017322],[23.4415991,58.0668404],[23.3763393,58.0811544],[23.2816402,58.0913997],[23.1927449,58.0919048]],[[23.2184322,57.800557],[23.2256323,57.8241971],[23.2256323,57.8241971],[23.2184322,57.800557],[23.250378,57.7909244],[23.2184322,57.800557]],[[23.2220322,59.8673756],[23.2304162,59.8850717],[23.2220322,59.8673756],[23.2220322,59.8673756]],[[23.2228754,59.8665846],[23.2508325,59.8403583],[23.2508325,59.8403583],[23.2228754,59.8665846]],[[23.2364324,59.89777],[23.2364324,59.89777],[23.2697758,59.9099341],[23.2364324,59.89777]],[[23.2364324,58.455725],[23.2387202,58.4566448],[23.2364324,58.455725],[23.2364324,58.455725]],[[23.2455352,57.8185959],[23.2616326,57.8140656],[23.2664807,57.7947368],[23.2616326,57.8140656],[23.2455352,57.8185959]],[[23.2580136,58.5342226],[23.3624336,58.531711],[23.3885962,58.5473291],[23.3624336,58.531711],[23.2580136,58.5342226]],[[23.2591597,58.4459532],[23.2796328,58.4371506],[23.2796327,58.4371506],[23.2591597,58.4459532]],[[23.2628373,59.9662796],[23.3336333,60.029479],[23.3336332,60.0294789],[23.2628373,59.9662796]],[[23.2874717,58.6619213],[23.3300333,58.6532885],[23.3804338,58.5806797],[23.402034,58.555351],[23.402034,58.555351],[23.3804338,58.5806797],[23.3300333,58.6532885],[23.2874717,58.6619213]],[[23.2946641,58.4538061],[23.3264333,58.4422164],[23.3264333,58.4422164],[23.2946641,58.4538061]],[[23.3624336,59.0281527],[23.3624336,59.0281527],[23.3752953,59],[23.3752953,59],[23.3840338,58.9808725],[23.3840338,58.9808725],[23.3752953,59],[23.3624336,59.0281527]],[[23.3696337,63.9469783],[23.3696337,63.9469783],[23.4164342,63.9250268],[23.4164341,63.9250268],[23.3696337,63.9469783]],[[23.4092341,59.0247755],[23.4360416,59.0455498],[23.4092341,59.0247755],[23.4092341,59.0247755]],[[23.4236342,58.9285266],[23.6288363,58.9791839],[23.6288363,58.9791839],[23.4236342,58.9285266],[23.4236342,58.9285266]],[[23.4308343,58.7647346],[23.4533421,58.7781341],[23.4308343,58.7647346],[23.4308343,58.7647346]],[[23.4308343,59.9568702],[23.4308344,59.9568702],[23.5748357,59.9771331],[23.5748357,59.9771331],[23.4308343,59.9568702]],[[23.4463219,59.0108589],[23.4752607,59],[23.4903662,58.9943319],[23.4752607,59],[23.4752607,59],[23.4463219,59.0108589]],[[23.4745668,59.1999825],[23.5172352,59.0737443],[23.5172351,59.0737443],[23.4745668,59.1999825]],[[23.499235,58.6971915],[23.5297791,58.7049058],[23.499235,58.6971915],[23.4999072,58.6719667],[23.499235,58.6971915]],[[23.5316353,58.7478488],[23.7191648,58.7361209],[23.5316353,58.7478488],[23.5316353,58.7478488]],[[23.5375392,58.7319261],[23.5460355,58.7090116],[23.5460355,58.7090116],[23.5375392,58.7319261]],[[23.5384845,58.5746462],[23.5604356,58.5823683],[23.5856359,58.5452196],[23.6232412,58.5370787],[23.5856359,58.5452196],[23.5604356,58.5823683],[23.5384845,58.5746462]],[[23.543802,60.0461445],[23.5460355,60.073382],[23.5460355,60.073382],[23.543802,60.0461445]],[[23.5604356,59.0534813],[23.5604357,59.0534813],[23.6144361,59.0112669],[23.6000409,59.0017346],[23.6144361,59.0112669],[23.5604356,59.0534813]],[[23.5748357,64.1073931],[23.6216362,64.1073931],[23.6216362,64.1073931],[23.5748357,64.1073931],[23.5748357,64.1073931]],[[23.6028082,59.0351355],[23.6072361,59.0332184],[23.6205151,59],[23.6269478,58.9839082],[23.6205151,59],[23.6205151,59],[23.6072361,59.0332184],[23.6028082,59.0351355]],[[23.6171481,59.9732919],[23.798038,59.9568702],[23.99964,60.0379219],[24.0029107,60.0297401],[23.99964,60.0379219],[23.798038,59.9568702],[23.6171481,59.9732919]],[[23.6352468,64.1206013],[23.7260373,64.2087077],[23.7926063,64.2171142],[23.7260373,64.2087077],[23.6352468,64.1206013]],[[23.6513221,59.2552708],[23.7296373,59.230782],[23.7296373,59.2307819],[23.6513221,59.2552708]],[[23.6756368,58.4354621],[23.6792368,58.5249566],[23.6792368,58.5249566],[23.6756368,58.4354621],[23.7344639,58.3511514],[23.6756368,58.4354621]],[[23.7318812,59.2694261],[23.7584376,59.2831278],[24.0392404,59.2932593],[24.0594439,59.28206],[24.0392404,59.2932593],[23.7584376,59.2831278],[23.7318812,59.2694261]],[[23.798038,58.7849975],[23.8736384,58.771489],[23.8736387,58.7714889],[23.798038,58.7849975],[23.7999244,58.7566832],[23.798038,58.7849975]],[[23.8421721,64.2451897],[23.8628386,64.2678079],[23.9420394,64.247545],[23.9420394,64.247545],[23.8628386,64.2678079],[23.8421721,64.2451897]],[[23.9276393,64.3015795],[23.9558298,64.3343212],[23.9276393,64.3015795],[23.9350064,64.2739353],[23.9276393,64.3015795]],[[23.9420394,58.1129438],[23.9420394,58.1129438],[24.00324,58.1078781],[24.0140401,58.1534696],[24.0140401,58.1534697],[24.00324,58.1078781],[23.9420394,58.1129438]],[[23.948666,58.1308156],[23.9564396,58.1517811],[23.9564396,58.1517811],[23.948666,58.1308156]],[[24.0212402,59.3776882],[24.0212402,59.3776882],[24.0932409,59.3118337],[24.0932409,59.3118337],[24.0212402,59.3776882]],[[24.0563528,58.2741722],[24.1112411,58.2412757],[24.1544415,58.2767358],[24.1717604,58.2773857],[24.1544415,58.2767358],[24.1112411,58.2412757],[24.0563528,58.2741722]],[[24.0644406,59.3979511],[24.0644406,59.3979511],[24.1093482,59.3859831],[24.0644406,59.3979511]],[[24.0788408,59.2713078],[24.0818811,59.279864],[24.0788408,59.2713078],[24.0788408,59.2713078]],[[24.0791545,64.4208698],[24.3452435,64.531226],[24.4004192,64.6323928],[24.3452435,64.531226],[24.0791545,64.4208698]],[[24.1616416,59.4030168],[24.3056431,59.4199026],[24.3223967,59.4493709],[24.3056431,59.4199026],[24.1616416,59.4030168],[24.1616416,59.4030168]],[[24.2099711,59.3656802],[24.2228422,59.3557367],[24.2228422,59.3557367],[24.2099711,59.3656802]],[[24.2444424,58.2801129],[24.2607421,58.3026665],[24.2444424,58.2801129],[24.2444424,58.2801129]],[[24.2963736,60.061193],[24.3200432,60.0750706],[24.3555904,60.073788],[24.3200432,60.0750706],[24.2963736,60.061193]],[[24.3223377,60.0107561],[24.3668437,60.073382],[24.3668437,60.073382],[24.3223377,60.0107561]],[[24.3322135,58.385429],[24.3632436,58.3966248],[24.4332253,58.3732689],[24.3632436,58.3966248],[24.3322135,58.385429]],[[24.3344433,59.4705599],[24.3344433,59.4705599],[24.508904,59.4515297],[24.3344433,59.4705599]],[[24.3796251,57.9908878],[24.399244,58.0234492],[24.4640446,58.0724179],[24.4640446,58.0724179],[24.399244,58.0234492],[24.3796251,57.9908878]],[[24.4172442,59.9906417],[24.4460444,60.0480533],[24.4460445,60.0480533],[24.4172442,59.9906417],[24.4172442,59.9906417]],[[24.4244442,64.6764436],[24.4244442,64.6764436],[24.4840833,64.7005586],[24.4244442,64.6764436]],[[24.4456412,59.9923067],[24.4460445,59.9923303],[24.4460445,59.9923303],[24.4460445,59.9923303],[24.4456412,59.9923067]],[[24.4712447,58.2514071],[24.4712447,58.2514071],[24.5468455,58.2885558],[24.5501537,58.3304514],[24.5468455,58.2885558],[24.4712447,58.2514071]],[[24.4892449,59.5600545],[24.49608,59.5705885],[24.4892449,59.5600545],[24.4892449,59.5600545]],[[24.4973462,65.0371008],[24.4982202,65.0423172],[24.5014633,65.0473643],[24.5069549,65.0520523],[24.5144894,65.0562049],[24.6080811,65.0984488],[24.6180382,65.1020941],[24.6295602,65.1048025],[24.6421575,65.1064586],[24.822332,65.1216709],[24.8350898,65.1221896],[24.847838,65.1216294],[24.8600656,65.1200126],[24.9069018,65.1115618],[24.9177991,65.1090401],[24.9273325,65.1056796],[24.9351428,65.1016071],[24.9409363,65.0969761],[24.9444959,65.0919612],[24.9456887,65.0867513],[24.945682,65.0839894],[25.0001511,65.0815062],[25.0174792,65.0796541],[25.0859333,65.0678229],[25.0967414,65.0654193],[25.1062668,65.0621929],[25.1141619,65.0582614],[25.1201392,65.0537687],[25.1239814,65.0488786],[25.1255495,65.0437697],[25.1247875,65.0386283],[25.1217247,65.0336418],[25.1164738,65.0289919],[25.1092271,65.0248479],[25.1002492,65.0213607],[25.090082,65.0187129],[25.0987953,65.021532],[25.1072362,65.0256437],[25.1135375,65.030388],[25.1174405,65.0355707],[25.1187842,65.0409802],[25.1175121,65.046395],[25.1136747,65.0515934],[25.1074278,65.0563626],[25.0990262,65.060507],[25.0888136,65.0638567],[25.0772082,65.0662744],[25.0646861,65.0676608],[25.051761,65.0679591],[24.9240394,65.0654034],[24.9114187,65.064609],[24.899431,65.062776],[24.8885548,65.0599774],[24.8873182,65.0594933],[24.8873194,65.0594933],[24.8873241,65.0594931],[24.9932499,65.054685],[25,65.0535185],[25.0616506,65.0428649],[25.0548672,65.0410973],[25.0454545,65.0409091],[24.9272731,65.0385455],[25,65.0356048],[25.0184868,65.0348572],[25,65.0356048],[25,65.0356048],[24.8204482,65.0428649],[24.7593846,65.0184666],[24.803439,65.0360688],[24.5679435,65.0313589],[24.5771367,65.0225192],[24.5612456,65.0377992],[24.6084471,65.0590873],[24.6084494,65.0590883],[24.5646571,65.058212],[24.5524471,65.0574562],[24.5408162,65.0557271],[24.5301987,65.0530894],[24.5209908,65.0496417],[24.5135358,65.0455126],[24.508111,65.0408563],[24.5049177,65.0358465],[24.5040737,65.0306699],[24.505609,65.0255195],[24.5094652,65.020587],[24.5098988,65.020171],[24.5094504,65.0205056],[24.5027411,65.0269432],[24.4988727,65.0319112],[24.4973462,65.0371008]],[[24.4979628,60.0160884],[24.5936459,60.0598734],[24.5869713,60.0648825],[24.5936459,60.0598734],[24.4979628,60.0160884]],[[24.5138308,59.554673],[24.5432454,59.5482345],[24.5144451,59.5988918],[24.5144451,59.5988918],[24.5432454,59.5482345],[24.5138308,59.554673]],[[24.5288453,64.7186581],[24.5298161,64.7282206],[24.5288453,64.7186581],[24.5288453,64.7186581]],[[24.5396454,64.8047755],[24.6692467,64.7895783],[24.6692467,64.8301042],[24.6692467,64.8301042],[24.6692467,64.7895783],[24.5396454,64.8047755],[24.5396454,64.8047755]],[[24.5396454,60.0868906],[24.5396454,60.0868906],[24.6080461,60.1003992],[24.608046,60.1003992],[24.5396454,60.0868906]],[[24.5436735,64.7597358],[24.5864458,64.7811354],[24.5864459,64.7811354],[24.5436735,64.7597358]],[[24.5540455,60.1561223],[24.5540456,60.1561222],[24.5683302,60.1466304],[24.5540455,60.1561223]],[[24.5939064,60.1250669],[24.597246,60.1274165],[24.597246,60.1274165],[24.5939064,60.1250669]],[[24.6224462,59.4705599],[24.65831,59.484578],[24.6224462,59.4705599],[24.6224462,59.4705599]],[[24.6332463,64.9685675],[24.6634365,64.9857624],[24.6332463,64.9685675],[24.6332463,64.9685675]],[[24.6920126,64.8385343],[24.7376474,64.8554328],[25,64.9014231],[25,64.9014231],[25.0457642,64.9094456],[25,64.9014231],[24.7376474,64.8554328],[24.6920126,64.8385343]],[[24.7232472,65.0040276],[24.7232473,65.0040276],[24.7346444,65.0007096],[24.7232472,65.0040276]],[[24.750017,59.4627664],[24.7736477,59.450297],[24.7736477,59.450297],[24.750017,59.4627664]],[[24.7555173,64.9946328],[24.8276483,64.9736332],[24.8276482,64.9736332],[24.7555173,64.9946328]],[[24.7736477,59.5600545],[24.7767375,59.5611415],[24.7736477,59.5600545],[24.7736477,59.5600545]],[[24.7946109,59.5256402],[24.8168482,59.4891343],[24.8168482,59.4891343],[24.7946109,59.5256402]],[[24.8372348,60.184731],[24.8672487,60.1797624],[24.8456485,60.1443023],[24.9500495,60.1443023],[25,60.2129158],[25.0002692,60.2132855],[25,60.2129158],[24.9500495,60.1443023],[24.8456485,60.1443023],[24.8672487,60.1797624],[24.8372348,60.184731]],[[24.8432079,65.01485],[24.8474207,65.0165299],[24.8558404,65.020642],[24.8621231,65.0253844],[24.8660111,65.0305635],[24.8660992,65.0309206],[24.8705646,65.0262037],[24.8775413,65.0217074],[24.8864943,65.0178814],[24.8970673,65.0148778],[24.9088399,65.0128157],[24.9213443,65.0117772],[24.9237204,65.0116811],[24.9211352,65.0116916],[24.8432079,65.01485]],[[24.897377,59.8346471],[24.9561286,59.8613349],[24.9842966,59.8772216],[25.0268237,59.8793645],[25.1137967,59.8821753],[25.1848531,59.8913518],[25.1077257,59.8595564],[25.0401321,59.8177609],[25.0336268,59.8115063],[24.9919462,59.8218321],[24.897377,59.8346471]],[[24.9282106,59.5111977],[24.9356494,59.5077086],[24.9650888,59.5058675],[24.9356494,59.5077086],[24.9356494,59.5077086],[24.9282106,59.5111977]],[[24.99685,60.1628766],[25,60.1669397],[25,60.1669397],[25.0256503,60.2000253],[25.0131622,60.2067195],[25.0256503,60.2000253],[25,60.1669397],[24.99685,60.1628766],[25,60.1613991],[25.0165119,60.1536543],[25,60.1613991],[24.99685,60.1628766]],[[25.0940509,64.9179102],[25.0940509,64.9179102],[25.2596526,64.8351699],[25.2596526,64.8351699],[25.0940509,64.9179102]],[[25.1552516,60.2321083],[25.2499379,60.2427286],[25.1552516,60.2321083],[25.1552516,60.2321083]],[[25.15851,59.5372074],[25.4108541,59.4908228],[25.4108541,59.4908228],[25.15851,59.5372074]],[[25.188546,60.1995737],[25.198452,60.1898938],[25.198452,60.1898938],[25.188546,60.1995737]],[[25.1912519,64.9668789],[25.2200522,64.990519],[25.4396544,64.9533703],[25.4396544,64.9533703],[25.2200522,64.990519],[25.1912519,64.9668789],[25.1912519,64.9668789]],[[25.2236522,64.8233499],[25.2539637,64.8333021],[25.2236524,64.8233499],[25.2236522,64.8233499]],[[25.3136531,60.2726341],[25.3136532,60.2726341],[25.3208532,60.2506826],[25.3208532,60.2506826],[25.3136531,60.2726341]],[[25.3154747,64.9259688],[25.3604536,64.9111559],[25.3604536,64.9111559],[25.3154747,64.9259688]],[[25.3283413,59.9252588],[25.3869589,59.9465128],[25.4178551,59.9600902],[25.4362482,59.9552975],[25.5421516,59.9402698],[25.624785,59.9372392],[25.6031178,59.9363723],[25.5833237,59.9336242],[25.4961493,59.9387304],[25.3889381,59.9341699],[25.3283413,59.9252588]],[[25.352316,60.2503146],[25.3604536,60.2456169],[25.504455,60.2456169],[25.527873,60.267585],[25.504455,60.2456169],[25.3604536,60.2456169],[25.352316,60.2503146]],[[25.4180542,65.034422],[25.4180542,65.034422],[25.4213315,65.0221243],[25.4180542,65.034422]],[[25.4864549,59.669812],[25.6772568,59.5668088],[25.6993195,59.578098],[25.6772568,59.5668088],[25.4864549,59.669812],[25.497255,59.570186],[25.5440554,59.5347259],[25.5440554,59.5347259],[25.497255,59.570186],[25.4864549,59.669812]],[[25.5366185,60.2919863],[25.5404554,60.2793884],[25.5404554,60.2793884],[25.5366185,60.2919863]],[[25.5692557,60.2574369],[25.5800558,60.2962742],[25.6844568,60.2456169],[25.661714,60.2259232],[25.6844568,60.2456169],[25.5800558,60.2962742],[25.5692557,60.2574369],[25.5692557,60.2574369]],[[25.6083059,60.244005],[25.6232562,60.2388626],[25.6232562,60.2388626],[25.6083059,60.244005]],[[25.622917,60.3516565],[25.6700567,60.3638173],[25.7060571,60.3418658],[25.706057,60.3418658],[25.6700567,60.3638173],[25.622917,60.3516565]],[[25.6484565,60.2996514],[25.6484565,60.2996514],[25.7348573,60.2473055],[25.8201152,60.2610519],[25.7348573,60.2473055],[25.6484565,60.2996514]],[[25.6484565,60.3418658],[25.6484565,60.3418658],[25.6700567,60.3266686],[25.6700567,60.3266686],[25.6484565,60.3418658]],[[25.6700567,59.6563034],[25.695257,59.6715006],[25.695257,59.6715006],[25.6700567,59.6563034],[25.6700567,59.6563034]],[[25.6787782,59.6434018],[25.7168572,59.5870718],[25.7168572,59.5870718],[25.6787782,59.6434018]],[[25.7112777,59.940107],[25.7611904,59.943347],[25.8653785,59.9613288],[25.9215553,59.9779894],[25.9855875,59.9781288],[26.0926947,59.9893068],[26.1932337,60.0109574],[26.2831388,60.0422104],[26.3587451,60.0818054],[26.3600783,60.0828688],[26.4063874,60.1025867],[26.4049597,60.0728935],[26.4227554,60.0214117],[26.4634332,59.9472881],[26.5023837,59.8967259],[26.5606747,59.8510887],[26.6092452,59.8259981],[26.3215611,59.8430042],[26.2668146,59.8639355],[26.169827,59.8873597],[26.0653175,59.9005347],[25.9657586,59.9027414],[25.905225,59.9192097],[25.8074276,59.9346429],[25.7112777,59.940107]],[[25.7498575,60.3100643],[25.7528575,60.3199143],[25.7528575,60.3199143],[25.9292593,60.2456169],[25.9292593,60.2456169],[25.7528575,60.3199143],[25.7498575,60.3100643]],[[25.7761163,59.6383148],[25.7816578,59.6360405],[25.7816578,59.6360405],[25.8248582,59.5752517],[25.8248582,59.5752517],[25.7816578,59.6360405],[25.7761163,59.6383148]],[[25.7774758,60.2870109],[25.8500585,60.2658798],[25.8500585,60.2658798],[25.7774758,60.2870109]],[[25.8428584,60.4026546],[25.9413214,60.362244],[25.8428585,60.4026545],[25.8428584,60.4026546]],[[25.8603102,60.3929098],[25.9184592,60.3604401],[25.9184592,60.3604401],[25.8603102,60.3929098]],[[25.8824588,60.3064057],[25.9007305,60.3338305],[25.8824588,60.3064057],[25.8854913,60.3024669],[25.8824588,60.3064057],[25.8824588,60.3064057]],[[25.8999834,59.6208209],[25.9436594,59.5955146],[25.9868599,59.6343519],[25.9942497,59.6308858],[25.9868599,59.6343519],[25.9436594,59.5955146],[25.8999834,59.6208209]],[[25.9184592,60.4853949],[26.1416614,60.3959003],[26.2748627,60.4026546],[26.257351,60.415923],[26.2748627,60.4026546],[26.1416614,60.3959003],[25.9184599,60.4853946],[25.9184592,60.4853949]],[[26.0120601,60.389146],[26.0323904,60.4010657],[26.0120601,60.389146],[26.0120601,60.389146]],[[26.0344063,60.4221772],[26.0408604,60.4060317],[26.0408604,60.4060317],[26.0344063,60.4221772]],[[26.0351586,60.3106165],[26.0408604,60.2996514],[26.1092611,60.3351115],[26.1092611,60.3351115],[26.0408604,60.2996514],[26.0351586,60.3106165]],[[26.2460625,60.4516233],[26.2460625,60.4516233],[26.2657129,60.4362617],[26.2460625,60.4516233]],[[26.4548645,60.4752634],[26.4614831,60.4949246],[26.4548645,60.4752634],[26.4872649,60.4431804],[26.4872649,60.4431804],[26.4872649,60.4431804],[26.4548645,60.4752634]],[[26.4764648,60.4870834],[26.5569753,60.55432],[26.4764648,60.4870834],[26.4764648,60.4870834]],[[26.4800758,60.483696],[26.5268653,60.4398033],[26.6168662,60.4533119],[26.6888669,60.4178518],[26.796868,60.4853949],[26.7950852,60.4711797],[26.796868,60.4853949],[26.6888669,60.4178518],[26.6168662,60.4533119],[26.5268653,60.4398033],[26.4800758,60.483696]],[[26.5088651,60.4026546],[26.5088651,60.4026546],[26.5376654,60.3773259],[26.5376654,60.3773259],[26.5088651,60.4026546]],[[26.5410468,59.5428595],[26.6636666,59.5516116],[26.8624679,59.4779959],[26.6636666,59.5516116],[26.5410468,59.5428595]],[[26.6097584,60.4426109],[26.6492665,60.4212289],[26.6492665,60.4212289],[26.6097584,60.4426109]],[[26.6999347,60.6194795],[26.7536675,60.5748895],[26.7536675,60.5748895],[26.6999347,60.6194795]],[[26.9156692,60.4752634],[26.9156692,60.4752634],[26.9624696,60.4465576],[26.9545691,60.4560277],[26.9624696,60.4465576],[26.9156692,60.4752634]],[[26.9300693,60.4853949],[26.9793412,60.4878276],[26.9300693,60.4853949],[26.9300693,60.4853949]],[[26.9840698,60.017659],[27,60.027848],[27.0236702,60.0429876],[27.0043448,60.0549363],[27.0236702,60.0429876],[27,60.027848],[26.9840698,60.017659],[26.9840698,60.017659]],[[26.9971177,59.4505113],[27,59.4505216],[27,59.4505216],[27.0041489,59.4505365],[27,59.4505216],[26.9971177,59.4505113]],[[27.0306536,59.7499644],[27.0380221,59.7499677],[27.1437703,59.7608405],[27.2431857,59.7820659],[27.3323023,59.8128019],[27.3757446,59.8353512],[27.3878814,59.8264887],[27.4614941,59.7901991],[27.4827694,59.7831372],[27.4748049,59.772207],[27.4585475,59.7215326],[27.4600099,59.6978403],[27.1325239,59.7121769],[27.0306536,59.7499644]],[[27.1521098,60.5190959],[27.1784718,60.5124121],[27.1784718,60.5124121],[27.1521098,60.5190959]],[[27.1784718,60.5681351],[27.1784718,60.5681351],[27.1842908,60.5558528],[27.1784718,60.5681351]],[[27.1802753,60.513258],[27.200072,60.5225436],[27.200072,60.5225436],[27.1802753,60.513258]],[[27.2108721,60.5596923],[27.2108721,60.5596923],[27.2908314,60.5319112],[27.2108721,60.5596923]],[[27.2132546,60.5844498],[27.2144721,60.5850209],[27.2144721,60.5850209],[27.2132546,60.5844498]],[[27.2554879,60.5165246],[27.3080731,60.5259207],[27.3080731,60.5259207],[27.2554879,60.5165246]],[[27.4736747,60.5056578],[27.4900147,60.502093],[27.4736747,60.5056578],[27.4986682,60.4678835],[27.4736747,60.5056578]],[[27.6068761,60.5005921],[27.6320763,60.520855],[27.6760803,60.5196409],[27.6320763,60.520855],[27.6068761,60.5005921],[27.6068761,60.5005921]],[[27.6241093,60.4776897],[27.6284763,60.4718862],[27.6284763,60.4718862],[27.6241093,60.4776897]],[[27.6356764,60.4921492],[27.6356764,60.4921492],[27.7544775,60.5056578],[27.7424902,60.5632893],[27.7544775,60.5056578],[27.6356764,60.4921492]],[[27.7400774,60.5748895],[27.8084781,60.552938],[27.8084781,60.552938],[27.8156782,60.5276093],[27.8156782,60.5276093],[27.8084781,60.552938],[27.7400774,60.5748895],[27.7400774,60.5748895]],[[27.8397117,60.0247781],[27.8840788,60.0109046],[27.8840787,60.0109046],[27.8397117,60.0247781]],[[27.8969949,60.534284],[27.902079,60.5292979],[28.0376933,60.5366943],[27.902079,60.5292979],[27.8969949,60.534284]],[[28.2484013,60.5708948],[28.2944829,60.6019067],[28.2944829,60.6019067],[28.2969122,60.6014998],[28.2944829,60.6019067],[28.2484013,60.5708948]],[[28.3232832,60.620481],[28.3232833,60.620481],[28.3448834,60.5934638],[28.3448834,60.5934638],[28.3232832,60.620481]],[[28.3763024,60.6234067],[28.3844838,60.6238582],[28.394417,60.6529775],[28.3844838,60.6238582],[28.3763024,60.6234067]],[[28.4240842,60.3604401],[28.5176852,60.3384886],[28.5176852,60.3384886],[28.4240844,60.3604401],[28.4240842,60.3604401]],[[28.4384844,60.5596923],[28.4384844,60.5596923],[28.560516,60.4419758],[28.4384844,60.5596923]],[[28.503285,60.3114714],[28.509422,60.3229854],[28.503285,60.3114714],[28.503285,60.3114714]],[[28.5279335,60.5310616],[28.5428854,60.5107235],[28.6402995,60.4806086],[28.5428854,60.5107235],[28.5279335,60.5310616]],[[28.5428854,60.3469315],[28.7120871,60.2945856],[28.6940869,60.2608141],[28.6798355,60.262925],[28.6940869,60.2608141],[28.7120871,60.2945856],[28.5428854,60.3469315],[28.5428854,60.3469315]],[[28.5608856,60.6289239],[28.5876416,60.639382],[28.5608856,60.6289239],[28.5608856,60.6289239]],[[28.5645118,60.6165927],[28.5752858,60.5799552],[28.5752858,60.5799552],[28.5645118,60.6165927]],[[28.587668,60.5846741],[28.6328863,60.6019067],[28.604086,60.6458097],[28.604086,60.6458097],[28.6328863,60.6019067],[28.587668,60.5846741]],[[28.611349,60.7004023],[28.6904869,60.7386815],[28.7306962,60.6962466],[28.6904869,60.7386815],[28.611349,60.7004023]],[[28.6580866,60.5934638],[28.6868869,60.6154153],[28.6651838,60.6425612],[28.6868869,60.6154153],[28.6580866,60.5934638],[28.659981,60.5623632],[28.6580866,60.5934638]],[[28.7159598,60.3509987],[28.7480875,60.3418658],[28.7480875,60.3418658],[28.7159598,60.3509987]],[[29.4908207,60.191354],[29.5256953,60.2017139],[29.688731,60.2001532],[29.5256953,60.2017139],[29.4908207,60.191354]],[[35.2011291,64.390953],[35.3073531,64.3724997],[35.3073531,64.3724997],[35.2011291,64.390953]],[[35.4412837,65.1215897],[35.4428615,65.1266023],[35.4466416,65.1314017],[35.4524917,65.1358189],[35.4602067,65.139698],[35.4695149,65.1429022],[35.6496033,65.1936024],[35.6601343,65.1959913],[35.6715432,65.1975188],[35.683433,65.1981317],[35.6953897,65.1978087],[35.7962895,65.191047],[35.8092956,65.1895711],[35.8212828,65.1869908],[35.8317238,65.1834197],[35.8401596,65.1790151],[35.8462203,65.1739706],[35.9132321,65.0994891],[35.916708,65.0938038],[35.9171753,65.0879381],[35.914614,65.0821702],[35.9091473,65.0767736],[35.9038749,65.0728255],[35.8979766,65.0692777],[35.8781238,65.0676343],[35.8730025,65.0669742],[35.8552121,65.0749544],[35.846233,65.0782915],[35.8359364,65.0808657],[35.824683,65.0825867],[35.8128673,65.0833941],[35.8009036,65.0832597],[35.7892117,65.082188],[35.7868441,65.0817642],[35.7868441,65.0817641],[35.786844,65.0817638],[35.7825578,65.0681936],[35.8086498,65.0564874],[35.7324342,64.9993257],[35.7324342,64.9993257],[35.7322451,65],[35.7322451,65],[35.7249572,65.0259791],[35.6998839,65.0298993],[35.6998823,65.0298996],[35.6767854,65.0125499],[35.6715008,65.007358],[35.668897,65.0018135],[35.6690867,64.9961603],[35.6691101,64.9960773],[35.6690604,64.9961733],[35.6661502,65.0064655],[35.540871,65.0260297],[35.528299,65.0286798],[35.5173984,65.0324233],[35.508696,65.0370796],[35.502613,65.0424239],[35.4448725,65.1116329],[35.4419624,65.1165407],[35.4412837,65.1215897]],[[35.5076454,64.313388],[35.5881559,64.3218424],[35.6080705,64.3346861],[35.5881559,64.3218424],[35.5076454,64.313388]],[[35.5809558,64.411337],[35.8113581,64.3421053],[35.8993594,64.2658335],[35.8113581,64.3421053],[35.5809558,64.411337],[35.5809558,64.411337]],[[35.5900872,64.3933482],[35.6169562,64.3404168],[35.6169562,64.3404168],[35.5900872,64.3933482]],[[35.7429574,64.9618132],[35.7610863,64.967373],[35.7429574,64.9618132],[35.7429574,64.9618132]],[[35.8545585,64.4028941],[35.9445594,64.4045827],[35.9926865,64.3836214],[35.9445594,64.4045827],[35.8545586,64.4028941],[35.8545585,64.4028941]],[[35.8905589,65.0411763],[35.998575,65.0501171],[35.8905591,65.0411763],[35.8905589,65.0411763]],[[35.9247748,64.3577616],[35.9517595,64.3404168],[36.0348761,64.35841],[35.9517595,64.3404168],[35.9247748,64.3577616]],[[35.9409594,65.154311],[35.9913599,65.1914597],[36.0191743,65.1795995],[35.9913599,65.1914597],[35.9409594,65.154311],[35.9409594,65.154311]],[[36.0103616,65.0421666],[36.0129601,65.0513078],[36.0129601,65.0513078],[36.0103616,65.0421666]],[[36.0163979,65.1371245],[36.0669607,65.1256052],[36.0669607,65.1256052],[36.0163979,65.1371245]],[[36.0415847,64.2143912],[36.0597606,64.2188392],[36.2289623,64.1360989],[36.2289623,64.1360989],[36.0597606,64.2188392],[36.0415847,64.2143912]],[[36.0831565,65.1292136],[36.2109619,65.1576882],[36.2109621,65.1576882],[36.0831565,65.1292136]],[[36.2217622,64.0753101],[36.225487,64.1067574],[36.2217622,64.0753101],[36.2829628,64.0466043],[36.2649626,64.0246528],[36.2937629,64.0094556],[36.4913224,63.9688134],[36.2937629,64.0094556],[36.2649626,64.0246528],[36.2829628,64.0466043],[36.2217622,64.0753101]],[[36.4413644,64.9162216],[36.4521877,64.9241991],[36.4413644,64.9162216],[36.4413644,64.9162216]],[[36.4619142,64.8911608],[36.495365,64.8503671],[36.5709657,64.8301042],[36.5709656,64.8301042],[36.495365,64.8503671],[36.4619142,64.8911608]],[[36.502565,64.8351699],[36.521836,64.8337427],[36.502565,64.8351699],[36.502565,64.8351699]],[[36.5601656,64.7169695],[36.5764929,64.7159618],[36.5601656,64.7169695],[36.5601656,64.7169695]],[[36.696967,64.7085266],[36.696967,64.7085266],[36.7544235,64.6660466],[36.696967,64.7085266]],[[36.6979011,64.9245371],[36.8085681,64.958436],[36.8059022,64.9715654],[36.8085681,64.958436],[36.6979011,64.9245371]],[[36.8193682,65.1475567],[37,65.1719964],[37.0026419,65.1723539],[37,65.1719964],[36.8193682,65.1475567],[36.8661687,65.0766365],[36.8543234,65.0615119],[36.8661687,65.0766365],[36.8193682,65.1475567]],[[37.0001915,63.9024671],[37.0101701,63.8980095],[37.1937719,63.8912552],[37.2801728,63.8220235],[37.3574096,63.8072032],[37.2801728,63.8220235],[37.1937719,63.8912552],[37.0101701,63.8980095],[37.0001915,63.9024671]],[[37.2377939,64.3654273],[37.3377734,64.3404168],[37.4745747,64.3826312],[37.4745747,64.3826312],[37.3377734,64.3404168],[37.2377939,64.3654273]],[[37.4543935,65.0864672],[37.6725767,65.0361106],[37.6862564,65.0134065],[37.6725767,65.0361106],[37.4543935,65.0864672]],[[37.4771822,64.3825459],[37.6293763,64.3775655],[37.6456563,64.3928375],[37.6293763,64.3775655],[37.4771822,64.3825459]],[[37.5271614,63.8040061],[37.6077761,63.8152692],[37.6104528,63.8397515],[37.6077761,63.8152692],[37.5271614,63.8040061]],[[37.6149761,63.8811237],[37.6149761,63.8811237],[37.6581766,63.8980095],[37.7439898,63.8997223],[37.6581766,63.8980095],[37.6149761,63.8811237]],[[37.7047153,64.9827703],[37.7193772,64.958436],[37.7949779,64.9212873],[37.9330749,64.8842738],[37.7949779,64.9212873],[37.7193772,64.958436],[37.7047153,64.9827703]],[[37.7481775,64.4417314],[37.7481775,64.4417314],[37.7533769,64.4402072],[37.7481775,64.4417314]],[[37.798578,64.3775655],[37.8057781,64.4248456],[37.8057781,64.4248456],[37.798578,64.3775655],[37.8193485,64.3656582],[37.798578,64.3775655]],[[37.902979,64.2391021],[37.9289465,64.2482371],[37.9029791,64.2391021],[37.902979,64.2391021]],[[37.9101791,64.3437939],[37.9569794,64.3640568],[37.9569796,64.3640568],[37.9101791,64.3437939],[37.9101791,64.3437939]],[[37.9680925,64.1978716],[38.0469805,64.147919],[38.0865809,64.0584244],[38.0789391,64.0369184],[38.0865809,64.0584244],[38.0469805,64.147919],[37.9680925,64.1978716]],[[37.9857799,63.9452897],[38.0457131,63.9956558],[37.9857799,63.9452897],[37.9857799,63.9452897]],[[38.0469805,64.6460493],[38.1261813,64.6967066],[38.1261813,64.6967066],[38.0469806,64.6460493],[38.0469805,64.6460493]],[[38.0469805,64.7439867],[38.0469805,64.7439867],[38.0664501,64.732364],[38.0469805,64.7439867]],[[38.0575667,64.7658345],[38.0649806,64.7811354],[38.0649806,64.7811354],[38.0575667,64.7658345]],[[38.1442268,64.6674303],[38.1621816,64.6713779],[38.1621816,64.6713779],[38.1442268,64.6674303]],[[38.1709556,64.6896031],[38.1873819,64.7237238],[38.3385834,64.7591839],[38.4717847,64.7439867],[38.4810266,64.7541014],[38.4717847,64.7439867],[38.3385834,64.7591839],[38.1873819,64.7237238],[38.1709556,64.6896031]],[[38.3673837,64.8098412],[38.3673837,64.8098412],[38.403384,64.7743811],[38.4033839,64.7743811],[38.3673837,64.8098412]],[[38.4177842,64.8030869],[38.4465845,64.8182841],[38.771997,64.7525155],[38.4465845,64.8182841],[38.4177842,64.8030869],[38.4177842,64.8030869]],[[39.0951399,64.6872055],[39.3321933,64.6392949],[39.5661957,64.5447346],[39.9225992,64.6038348],[39.9225992,64.6038348],[39.5661957,64.5447346],[39.3321933,64.6392949],[39.0951399,64.6872055]],[[39.7101971,65.470075],[39.7101971,65.470075],[39.7199858,65.4358949],[39.7101971,65.470075]],[[39.7283055,65.5079103],[39.7497975,65.5528152],[39.8253983,65.6068497],[40.4734047,65.8128561],[40.7110071,65.9715824],[41,66.0134094],[41,66.0134094],[41.2190946,66.0451198],[41,66.0134094],[40.7110071,65.9715824],[40.4734047,65.8128561],[39.8253983,65.6068497],[39.7497975,65.5528152],[39.7283055,65.5079103]],[[39.7857979,64.5970805],[39.8505985,64.6764436],[39.9960293,64.6394465],[39.8505985,64.6764436],[39.7857979,64.5970805],[39.7857979,64.5970805]],[[39.8253983,64.6798208],[39.8613535,64.6886364],[39.8253983,64.6798208],[40.0558006,64.6528036],[40.17811,64.583667],[40.0558006,64.6528036],[39.8253983,64.6798208]],[[40.0486005,64.7693154],[40.0486005,64.7693154],[40.1458015,64.7338553],[40.2265715,64.6906667],[40.2265708,64.690667],[40.1458015,64.7338553],[40.0486005,64.7693154]],[[40.0799974,64.7696882],[40.3330033,64.7726925],[40.3865531,64.725102],[40.3330033,64.7726925],[40.0799974,64.7696882]],[[40.0887286,64.6085132],[40.1818018,64.5582432],[40.3420206,64.5501626],[40.1818018,64.5582432],[40.0887286,64.6085132]],[[40.1134011,65.0749479],[40.176141,65.0535459],[40.1134011,65.0749479],[40.1134011,65.0749479]],[[40.1186422,64.7120005],[40.1890019,64.7085266],[40.1947043,64.7058158],[40.1890019,64.7085266],[40.1186422,64.7120005]],[[40.2880581,65.0061727],[40.2948651,65],[40.3197703,64.9774154],[40.2948651,65],[40.2948651,65],[40.2880581,65.0061727]],[[40.3367188,64.6383045],[40.3367188,64.6383045],[40.4001561,64.6081475],[40.3367188,64.6383045]],[[40.401404,64.7119038],[40.401404,64.7119038],[40.4021148,64.6982346],[40.401404,64.7119038]],[[40.4132931,64.7369618],[40.4158042,64.7558068],[40.4158042,64.7558068],[40.4132931,64.7369618]],[[40.4311386,64.8221481],[40.4374044,64.8098412],[40.4374044,64.8098412],[40.4311386,64.8221481]],[[40.4684316,64.6554391],[40.5274053,64.5785062],[40.5166052,64.5413575],[40.5166052,64.5413575],[40.5274053,64.5785062],[40.4684316,64.6554391]],[[40.5166052,64.7743811],[40.5166052,64.7743811],[40.5200001,64.7552725],[40.5166052,64.7743811]],[[42.1546215,66.5271243],[42.1546215,66.5271243],[42.6442264,66.4528269],[42.6555565,66.4315697],[42.6442264,66.4528269],[42.1546215,66.5271243]],[[42.4282243,66.7517051],[42.503825,66.7787223],[42.6442264,66.7415736],[42.6802268,66.6824734],[42.6802268,66.6824734],[42.6442264,66.7415736],[42.503825,66.7787223],[42.4282243,66.7517051],[42.4413728,66.7410152],[42.4282243,66.7517051]],[[42.5157676,66.6990615],[42.6442264,66.6655877],[42.6646457,66.6751652],[42.6442264,66.6655877],[42.5157676,66.6990615]],[[42.5470255,66.3852838],[42.5470256,66.3852839],[42.8672942,66.4024519],[42.5470255,66.3852838]],[[43.2742327,68.6581088],[43.3174332,68.6665517],[43.4758348,68.6682403],[43.4758348,68.6682403],[43.4926453,68.6643817],[43.4758348,68.6682403],[43.3174332,68.6665517],[43.2742328,68.6581088],[43.2742327,68.6581088]],[[43.303033,66.1016029],[43.5330603,66.1815236],[43.303033,66.1016029],[43.303033,66.1016029]],[[43.303033,66.4258097],[43.303033,66.4258097],[43.3253021,66.3985361],[43.303033,66.4258097]],[[43.3109048,66.0921086],[43.3534335,66.0408141],[43.3534335,66.0408141],[43.3109048,66.0921086]],[[43.3822338,66.0712085],[43.3822338,66.0712085],[43.4277667,66.0597086],[43.3822338,66.0712085]],[[43.3986932,66.0392416],[43.4506345,66.0374369],[43.4682548,66.0204484],[43.4506345,66.0374369],[43.3986932,66.0392416]],[[43.4110341,66.0982257],[43.4110341,66.0982257],[43.4266111,66.1029092],[43.4110341,66.0982257]],[[43.5154352,65.9749596],[43.5202241,66.0153914],[43.5154352,65.9749596],[43.5154352,65.9749596]],[[43.6748624,66.2597783],[43.6918369,66.236689],[43.6918369,66.236689],[43.6748624,66.2597783]],[[43.7602376,67.2211296],[43.7602376,67.2211296],[43.7793681,67.2055763],[43.7602376,67.2211296]],[[43.7733486,66.1845662],[43.8358384,66.1860317],[44.0446404,66.0813399],[44.0357937,66.0489738],[44.0446404,66.0813399],[43.8358384,66.1860317],[43.7733486,66.1845662]],[[43.8142381,67.1772266],[43.9194942,67.1702642],[43.8142381,67.1772266],[43.8142381,67.1772266]],[[44.0004997,67.5746814],[44.00144,67.5757308],[44.00144,67.5757308],[44.00144,67.5757308],[44.0004997,67.5746814]],[[44.0410404,67.6804226],[44.0410404,67.6804226],[44.1454415,67.678734],[44.1431491,67.6970131],[44.1454415,67.678734],[44.0410404,67.6804226]],[[44.0698407,67.7141942],[44.0698407,67.7141942],[44.1067758,67.7107293],[44.0698407,67.7141942]],[[44.0878409,67.8847405],[44.0878409,67.8847405],[44.120384,67.8147797],[44.0878409,67.8847405]],[[44.0893019,66.2072829],[44.095041,66.2620177],[44.2354424,66.4477612],[44.2944515,66.4762299],[44.2354424,66.4477612],[44.095041,66.2620177],[44.0893019,66.2072829]],[[44.1165462,66.1279876],[44.1598416,66.0864057],[44.1598416,66.0864057],[44.1165462,66.1279876]],[[44.1238412,67.9337092],[44.1238412,67.9337092],[44.2678427,67.9269549],[44.2678427,67.9269549],[44.1238412,67.9337092],[44.1238412,67.9337092]],[[44.1322925,67.9584843],[44.1382414,67.9759236],[44.2138419,67.9894322],[44.2138421,67.9894322],[44.1382414,67.9759236],[44.1322925,67.9584843]],[[44.1382414,67.994498],[44.1382415,67.994498],[44.1611832,67.9929607],[44.1382414,67.994498]],[[44.1505502,67.1380197],[44.2858429,67.087732],[44.3794438,67.1046178],[44.3794437,67.1046177],[44.2858429,67.087732],[44.1505502,67.1380197]],[[44.2134478,68.013528],[44.2134478,68.013528],[44.4118438,68.0637296],[44.4118441,68.0637296],[44.2134478,68.013528],[44.2134478,68.013528]],[[44.2282423,68.2967533],[44.2282423,68.2967533],[44.2363007,68.2740747],[44.2282423,68.2967533]],[[44.3650437,66.7820995],[44.4658447,66.8192482],[44.479405,66.8892125],[44.4658447,66.8192482],[44.3650437,66.7820995],[44.465771,66.6945562],[44.3650437,66.7820995]],[[44.4607779,66.9579054],[44.5234452,66.9188743],[44.5234452,66.9188743],[44.4607779,66.9579054]],[[44.5253626,66.6706377],[44.5630456,66.6655877],[44.5630455,66.6655877],[44.5253626,66.6706377]],[[44.5457516,68.5488538],[45,68.5465316],[45,68.5465316],[45.1104168,68.5459671],[45,68.5465316],[44.5457516,68.5488538]],[[44.9122491,67.371413],[44.9175752,67.4226256],[44.9122491,67.371413],[44.9122491,67.371413]],[[44.9145538,67.3684648],[44.9518495,67.3207556],[45,67.3036224],[45,67.3036224],[45.0562506,67.2836069],[45.5926559,67.1586522],[45.7332255,67],[45.7332255,67],[45.8230582,66.8986113],[46.0246602,66.8327568],[46.2154773,66.8467051],[46.0246602,66.8327568],[45.8230582,66.8986113],[45.7332255,67],[45.5926559,67.1586522],[45.0562506,67.2836069],[45,67.3036224],[44.9518495,67.3207556],[44.9145538,67.3684648]],[[44.9771522,67.4893621],[45,67.5086521],[45.0096297,67.5167823],[45,67.5086521],[44.9771522,67.4893621]],[[45.1039975,67.561118],[45.1642516,67.5841737],[45.1642516,67.5841737],[45.1039975,67.561118]],[[45.1710168,67.5845515],[45.3154532,67.5926166],[45.3154532,67.5926166],[45.1710168,67.5845515]],[[45.3082531,67.7125056],[45.32879,67.7213356],[45.3082531,67.7125056],[45.3082531,67.7125056]],[[45.328405,67.6896628],[45.3514535,67.6635368],[45.3514535,67.6635368],[45.328405,67.6896628]],[[45.8416647,67.4160021],[45.8824485,67.4328996],[45.9602817,67.4839458],[45.9726269,67.4986751],[46.8069813,67.5507391],[46.9358851,67.5632365],[47.0565989,67.5846656],[47.1299335,67.6047325],[47.1191559,67.5602148],[47.1331721,67.508065],[47.1635698,67.4699798],[47.1118265,67.428725],[47.0770191,67.3721342],[47.0748874,67.3214512],[47.052414,67.3058933],[47.0115038,67.2588283],[46.9936731,67.2096697],[46.9993893,67.1600897],[47.0000594,67.1589726],[46.7841405,67.129647],[46.716998,67.1376285],[46.5867521,67.1430024],[46.456222,67.1386467],[46.3499913,67.13104],[46.2503424,67.2462811],[46.2023541,67.2888538],[46.1359885,67.3275765],[46.0531678,67.3612798],[45.9563422,67.3889409],[45.8416647,67.4160021]],[[46.0109824,68.3494922],[46.0282603,68.3237705],[46.5350476,68.1332687],[46.0282603,68.3237705],[46.0109824,68.3494922]],[[46.4062641,66.7466394],[46.4271304,66.7564266],[46.4062642,66.7466394],[46.4062641,66.7466394]],[[46.4409136,66.7602381],[46.5826658,66.815871],[46.8717559,66.8553708],[46.5826658,66.815871],[46.4409136,66.7602381]],[[46.4602646,68.1110098],[46.4602646,68.1110098],[46.4816332,68.1080865],[46.4602646,68.1110098]],[[46.5554472,67.8179396],[46.697867,67.8171974],[46.697867,67.8171974],[46.5554472,67.8179396]],[[46.588071,66.8584993],[46.600666,66.8378225],[46.600666,66.8378225],[46.588071,66.8584993]],[[46.6058119,67.9888432],[46.6402664,67.9691693],[46.7122671,67.874609],[46.7028256,67.8369667],[46.7122671,67.874609],[46.6402664,67.9691693],[46.6058119,67.9888432]],[[46.8,55],[47.0666667,55.4],[47.2,55.6],[47.3333333,55.8],[47.4666667,56],[47.6,56.2],[47.8375,56.25],[48.075,56.3],[48.3125,56.35],[48.55,56.4],[48.7875,56.45],[49.025,56.5],[49.2625,56.55],[49.5,56.6],[49.9444444,56.5777778],[50.1666667,56.5666667],[50.3888889,56.5555556],[50.6111111,56.5444444],[50.8333333,56.5333333],[51.0555556,56.5222222],[51.5,56.5],[52.5625,56.0625],[52.775,55.975],[52.9875,55.8875],[53.2,55.8],[53.2333333,55.5833333],[53.2666667,55.3666667],[53.3,55.15],[53.3333333,54.9333333],[53.3666667,54.7166667],[53.4,54.5],[53.25,54.3166667],[52.95,53.95],[52.8,53.7666667],[52.65,53.5833333],[52.5,53.4],[52.2777778,53.3444444],[52.0555556,53.2888889],[52.0555556,53.2888889],[51.8333333,53.2333333],[51.6111111,53.1777778],[51.3888889,53.1222222],[51.1666667,53.0666667],[50.9444444,53.0111111],[50.9444444,53.0111111],[50.7222222,52.9555556],[50.5,52.9],[50.0555556,52.9444444],[49.8333333,52.9666667],[49.1666667,53.0333333],[48.9444444,53.0555556],[48.5,53.1],[48.3,53.2166667],[48.1,53.3333333],[47.9,53.45],[47.7,53.5666667],[47.5,53.6833333],[47.3,53.8],[47.2166667,54],[47.1333333,54.2],[47.05,54.4],[46.9666667,54.6],[46.8,55]],[[47.1907845,66.8989612],[47.4106741,66.9290057],[47.5582756,66.9053656],[47.5582756,66.9053656],[47.4106741,66.9290057],[47.1907845,66.8989612]],[[47.5599901,66.9005406],[47.5726757,66.8648398],[47.5726757,66.8648398],[47.5599901,66.9005406]],[[47.5845442,66.8747364],[47.6050761,66.891857],[47.6050761,66.9458915],[47.6927489,67],[47.6927489,67],[47.7010379,67.0051157],[47.6927489,67],[47.6050761,66.9458915],[47.6050761,66.891857],[47.5845442,66.8747364]],[[47.6878769,67.1958009],[47.7663197,67.2391643],[47.6878769,67.1958009],[47.6878769,67.1958009]],[[47.7465888,67.0899867],[47.7490775,67.1215035],[47.7490775,67.1215035],[47.7465888,67.0899867]],[[47.7706777,67.3376414],[47.9470795,67.4440218],[47.9018234,67.4871004],[47.9470795,67.4440218],[47.7706777,67.3376414],[47.7706777,67.3376414]],[[47.7777734,67.3036936],[47.7886779,67.251524],[47.7886779,67.251524],[47.7777734,67.3036936]],[[47.8375502,67.5846837],[47.8462785,67.6010595],[47.8462785,67.6010595],[47.8375502,67.5846837]],[[48.0730807,67.6044366],[48.098281,67.6398968],[48.098281,67.6398968],[48.0730807,67.6044366],[48.0946809,67.5926166],[48.0946809,67.5926166],[48.0730807,67.6044366]],[[48.2454227,67.6758909],[48.2566826,67.6821112],[48.2566826,67.6821112],[48.2454227,67.6758909]],[[48.340214,67.6753771],[48.4870849,67.6635368],[48.699487,67.7158827],[48.7426874,67.7006855],[48.7426873,67.7006855],[48.699487,67.7158827],[48.4870849,67.6635368],[48.340214,67.6753771]],[[48.703087,67.6939312],[48.7030871,67.6939312],[48.9262893,67.6871769],[48.9455652,67.6817522],[48.9262893,67.6871769],[48.703087,67.6939312]],[[48.7288788,67.9115149],[48.8434884,67.8644775],[49,67.8635712],[49.0427249,67.8633238],[49,67.8635712],[48.8434884,67.8644775],[48.7288788,67.9115149]],[[48.7786878,67.7277028],[48.7817739,67.7497775],[48.7786878,67.7277028],[48.8183474,67.7283442],[48.7786878,67.7277028]],[[48.7866297,67.8338919],[48.7930879,67.830706],[48.7930879,67.830706],[48.7930879,67.830706],[48.7866297,67.8338919]],[[48.9622896,67.6534054],[48.99829,67.666914],[48.99829,67.666914],[48.9622897,67.6534054],[48.9622897,67.6534054],[48.9622896,67.6534054]],[[48.9785392,67.6483242],[48.9946899,67.6432739],[49,67.6431132],[49.031077,67.6421728],[49,67.6431132],[48.9946899,67.6432739],[48.9785392,67.6483242]],[[49.0446366,67.6646176],[49.1062911,67.6398968],[49.1062909,67.6398968],[49.0446366,67.6646176]],[[49.6788989,68.0083868],[49.9738997,68.0873697],[50.002031,68.0895689],[49.9738997,68.0873697],[49.6788989,68.0083868]],[[49.8478985,68.0164495],[49.9810998,68.0620411],[50.0116761,68.0864219],[49.9810998,68.0620411],[49.8478986,68.0164495],[49.8478985,68.0164495]],[[49.9343248,68.040018],[50.0027,68.0586639],[50.200702,68.1684214],[50.4347043,68.2207673],[50.6849895,68.3357165],[50.4347043,68.2207673],[50.200702,68.1684214],[50.0027,68.0586639],[50.0027,68.0586639],[49.9343248,68.040018]],[[50.7911079,68.3794936],[50.7911079,68.3794936],[51,68.4220131],[51.1727117,68.4571682],[51.3688036,68.4686651],[51.1727117,68.4571682],[51,68.4220131],[50.7911079,68.3794936]],[[50.8083613,68.3901611],[50.8703087,68.4284623],[51,68.459602],[51,68.459602],[51.0408353,68.4694068],[51,68.459602],[50.8703087,68.4284623],[50.8083613,68.3901611]],[[51.1622122,68.3680799],[51.5687156,68.4352166],[51.5687157,68.4352166],[51.1622122,68.3680799]],[[51.2457556,68.4981345],[51.298713,68.4960054],[51.4607146,68.4740539],[51.4607145,68.4740539],[51.298713,68.4960054],[51.2457556,68.4981345]],[[51.4103141,71.8056169],[51.4107534,71.8035051],[51.4103141,71.8056169],[51.4103141,71.8056169]],[[51.5123644,71.6506377],[51.5507155,71.6131191],[51.5507155,71.6131191],[51.5123644,71.6506377]],[[51.6562477,71.5215302],[51.8387184,71.4560814],[52.1060483,71.4684148],[51.8387184,71.4560814],[51.6562477,71.5215302]],[[52.0583206,68.5162684],[52.0583206,68.5162684],[52.2059221,68.5601714],[52.2059221,68.5601714],[52.0583206,68.5162684]],[[52.1327775,68.4975152],[52.1771218,68.5044483],[52.3607236,68.4757425],[52.3607236,68.4757425],[52.1771218,68.5044483],[52.1327775,68.4975152]],[[52.1339213,68.3794936],[52.2064812,68.3991576],[52.1339213,68.3794936],[52.2491225,68.3170162],[52.3285541,68.3276611],[52.2491225,68.3170162],[52.1339213,68.3794936]],[[52.1411214,71.545576],[52.2132634,71.5697459],[52.1411214,71.545576],[52.1411214,71.545576]],[[52.1975277,68.5838631],[52.2167222,68.5855],[52.2167222,68.5855],[52.1975277,68.5838631]],[[52.2131221,71.3074866],[52.2131221,71.3074866],[52.2237847,71.3027419],[52.2131221,71.3074866]],[[52.2340875,71.3279734],[52.2563226,71.349701],[52.4506757,71.377289],[52.2563226,71.349701],[52.2340875,71.3279734]],[[52.2671227,71.5877904],[52.2671227,71.5877904],[52.2759218,71.5423915],[52.2671227,71.5877904]],[[52.2779228,68.5973201],[52.2779228,68.5973201],[52.4044999,68.5876925],[52.2779228,68.5973201]],[[52.3747798,71.5267865],[52.4147241,71.4763443],[52.4147241,71.4763443],[52.3747798,71.5267865]],[[52.4111241,68.5871886],[52.4939249,68.6395345],[52.5187768,68.6428223],[52.4939249,68.6395345],[52.4111241,68.5871886],[52.4111241,68.5871886]],[[52.4605138,71.24677],[52.5587256,71.2483864],[52.6677291,71.2093435],[52.5587256,71.2483864],[52.4605138,71.24677]],[[52.4903249,68.5922543],[52.497525,68.6192716],[52.497525,68.6192716],[52.4903249,68.5922543],[52.4903249,68.5922543]],[[52.5479255,71.6350706],[52.5479255,71.6350706],[52.5641032,71.5971303],[52.5479255,71.6350706]],[[52.5592609,68.6242356],[52.6235262,68.629403],[52.6235262,68.629403],[52.5592609,68.6242356]],[[52.5731257,71.5759704],[52.6451265,71.545576],[52.6091261,71.4679014],[52.6091261,71.4679014],[52.6451265,71.545576],[52.5731257,71.5759704],[52.5731257,71.5759704]],[[52.5950857,71.3752751],[52.7207272,71.349701],[52.7207272,71.349701],[52.5950857,71.3752751]],[[52.6014064,68.3997486],[52.6775268,68.4233966],[52.7315273,68.4740539],[52.7315273,68.4740539],[52.6775268,68.4233966],[52.6014064,68.3997486]],[[52.6883269,71.3969812],[52.6883269,71.3969812],[52.7092961,71.3663819],[52.6883269,71.3969812]],[[52.7171272,71.4898529],[52.7171272,71.4898529],[52.7387274,71.4425728],[52.7747848,71.4366902],[52.7387274,71.4425728],[52.7171272,71.4898529]],[[52.7567276,71.1774661],[52.7567276,71.1774661],[52.799928,71.0930373],[52.8535262,71.0807596],[52.799928,71.0930373],[52.7567276,71.1774661]],[[52.7711277,71.3784068],[52.7711284,71.3784065],[52.8755288,71.3328152],[52.8755287,71.3328152],[52.7711277,71.3784068]],[[52.7783278,71.3193066],[52.7783278,71.3193066],[52.8490108,71.2991627],[52.7783278,71.3193066]],[[52.796328,71.4645243],[52.8215282,71.46959],[52.8215282,71.46959],[52.796328,71.4645243],[52.796328,71.4645243]],[[52.7976436,68.753567],[53,68.8056465],[53,68.8056465],[53.4371344,68.9181497],[54.0379369,68.9927895],[53.4371344,68.9181497],[53,68.8056465],[52.7976436,68.753567]],[[52.8098807,71.3924249],[52.8827288,71.3784068],[53,71.2958987],[53.0195302,71.2821579],[53.0195301,71.2821579],[53,71.2958987],[52.8827288,71.3784068],[52.8098807,71.3924249]],[[52.8101774,71.4450362],[52.8215282,71.4290641],[52.8215282,71.4290642],[52.8101774,71.4450362]],[[52.9585831,71.4175992],[53,71.4307007],[53.0375304,71.4425728],[53.0375304,71.4425728],[53,71.4307007],[52.9585831,71.4175992]],[[53.0051737,71.0130397],[53.0159302,71.0035427],[53.0155396,71.0016194],[53.0159302,71.0035427],[53.0051737,71.0130397]],[[53.0087301,70.9680826],[53.0092989,70.9708837],[53.0087301,70.9680826],[53.1081788,70.9875183],[53.0087301,70.9680826]],[[53.0087301,71.4830986],[53.0087301,71.4830986],[53.0087301,71.4830986],[53.0091558,71.4824996],[53.0087301,71.4830986]],[[53.0243842,71.4953361],[53.0303303,71.4999844],[53.0364124,71.4942788],[53.0303303,71.4999844],[53.0243842,71.4953361]],[[53.0402956,71.2446486],[53.0627306,71.2382549],[53.1563314,71.2433206],[53.1563316,71.2433206],[53.0627306,71.2382549],[53.0402956,71.2446486]],[[53.0411304,71.0339371],[53.0441538,71.0502454],[53.0411304,71.0339371],[53.0411304,71.0339371]],[[53.0807308,71.2568293],[53.0807309,71.2568293],[53.1154084,71.2506329],[53.0807308,71.2568293]],[[53.1054382,71.0071253],[53.1225282,71],[53.1225282,71],[53.1383314,70.9934112],[53.1383314,70.9934112],[53.1225282,71],[53.1054382,71.0071253]],[[53.1465638,71.4536726],[53.2067321,71.5101159],[53.3471335,71.5675275],[53.4443344,71.545576],[53.4443344,71.545576],[53.3471335,71.5675275],[53.2067321,71.5101159],[53.1465638,71.4536726]],[[53.1491076,71.2670339],[53.1599316,71.2686493],[53.166856,71.2670254],[53.1599316,71.2686493],[53.1491076,71.2670339]],[[53.1497686,71.1211308],[53.1527315,71.0947258],[53.1527315,71.0947258],[53.1497686,71.1211308]],[[53.1599316,71.3547667],[53.2391324,71.3547667],[53.3289919,71.3114478],[53.2391324,71.3547667],[53.1599318,71.3547667],[53.1599316,71.3547667]],[[53.1873186,71.1494338],[53.2175322,71.1673347],[53.2175322,71.1673347],[53.1873186,71.1494338]],[[53.203132,71.1926633],[53.203132,71.1926633],[53.2107728,71.1792238],[53.203132,71.1926633]],[[53.2043683,71.2442415],[53.2103321,71.2568293],[53.2103321,71.2568293],[53.2043683,71.2442415]],[[53.2103321,68.2697361],[53.2319323,68.2967533],[53.2319323,68.2967533],[53.2103321,68.2697361],[53.2103321,68.2697361]],[[53.2127472,71.2005558],[53.2319323,71.2163034],[53.2213075,71.2192935],[53.2319323,71.2163034],[53.2127472,71.2005558]],[[53.2391324,68.2528503],[53.8079381,68.2511617],[53.9915399,68.2207673],[54.0767273,68.2429655],[53.9915399,68.2207673],[53.8079381,68.2511617],[53.2391324,68.2528503],[53.2391324,68.2528503]],[[53.2499325,71.4560814],[53.2499325,71.4560814],[53.3084685,71.40422],[53.2499325,71.4560814]],[[53.300333,70.8667679],[53.5775358,70.8887194],[53.703537,70.846505],[53.703537,70.846505],[53.5775358,70.8887194],[53.300333,70.8667679],[53.300333,70.8667679]],[[53.3141334,71.3086268],[53.3687336,71.2922894],[53.3687337,71.2922894],[53.3141334,71.3086268]],[[53.3596246,70.8511772],[53.5379354,70.8042906],[53.5379354,70.8042906],[53.3596246,70.8511772]],[[53.4515345,71.2635836],[53.4515345,71.2635836],[53.4955508,71.2393784],[53.4515345,71.2635836]],[[53.4911349,71.0727743],[53.501935,71.0947258],[53.696337,71.098103],[53.696337,71.098103],[53.501935,71.0947258],[53.4911349,71.0727743],[53.4911349,71.0727743]],[[53.5379354,71.3598325],[53.5775358,71.3902269],[53.9519395,71.4628357],[53.9519395,71.4628357],[53.5775358,71.3902269],[53.5379354,71.3598325],[53.5379354,71.3598325]],[[53.5451355,70.8549479],[53.5451355,70.8549479],[53.6654211,70.8161596],[53.5451355,70.8549479]],[[53.5739357,68.3997565],[53.5739358,68.3997565],[53.6650304,68.3570291],[53.5739357,68.3997565]],[[53.5785378,68.3546054],[53.6927369,68.3440335],[53.6927369,68.3440335],[53.5785378,68.3546054]],[[53.595536,71.3024209],[53.595536,71.3024209],[53.596537,71.303536],[53.595536,71.3024209],[53.595536,71.3024209]],[[53.661528,70.9965411],[53.7251373,70.9680826],[53.7376276,70.950507],[53.7251373,70.9680826],[53.661528,70.9965411]],[[53.6617045,71.1990848],[53.7071371,71.1960405],[53.7056997,71.1872759],[53.7071371,71.1960405],[53.6617045,71.1990848]],[[53.6927369,68.8860668],[53.6927369,68.8860668],[53.7323373,68.8658039],[53.7323372,68.8658039],[53.6927369,68.8860668]],[[53.703537,71.174089],[53.703537,71.174089],[53.7397546,71.1669019],[53.703537,71.174089]],[[53.71349,68.8928807],[53.7287373,68.8978868],[54.0275403,68.8455409],[54.0275402,68.8455409],[53.7287373,68.8978868],[53.71349,68.8928807]],[[53.7143483,70.9255028],[53.7395374,70.9478196],[53.7395374,70.9478196],[53.7143483,70.9255028]],[[53.7215372,68.6564203],[53.7666828,68.6713214],[53.7215372,68.6564203],[53.7215372,68.6564203]],[[53.765973,68.3576963],[53.804338,68.3440335],[53.8718053,68.3693496],[53.804338,68.3440335],[53.765973,68.3576963]],[[53.7919377,71.4113423],[53.8871389,71.4223098],[53.9344033,71.4518687],[53.8871389,71.4223098],[53.7919377,71.4113423]],[[53.800738,71.2095491],[53.800738,71.2095491],[53.8331383,71.1707118],[53.8331383,71.1707118],[53.800738,71.2095491]],[[53.8079381,71.1335631],[54.0095401,71.1403174],[54.060426,71.1224166],[54.0095401,71.1403174],[53.8079381,71.1335631],[53.8079381,71.1335631]],[[53.8124697,71.2067978],[53.9447394,71.1757776],[54.0923409,71.2315006],[54.0923409,71.2315006],[53.9447394,71.1757776],[53.8124697,71.2067978]],[[53.8331383,70.814422],[53.8331383,70.814422],[53.8907389,70.7840276],[53.8907388,70.7840276],[53.8331383,70.814422]],[[53.8415849,70.8177235],[53.8547385,70.8228649],[53.8547385,70.8228649],[53.8415849,70.8177235]],[[53.8583386,68.3457221],[53.8583386,68.3457221],[53.8655387,68.3068848],[53.9591396,68.2933762],[53.9915399,68.3457221],[53.9915399,68.3457221],[53.9591396,68.2933762],[53.8655387,68.3068848],[53.8583386,68.3457221]],[[53.8655387,68.7982608],[53.8655387,68.7982608],[53.9417997,68.8205175],[53.8655387,68.7982608]],[[53.8972068,68.357876],[53.9123391,68.3626078],[53.9433881,68.3559881],[53.9123391,68.3626078],[53.8972068,68.357876]],[[53.9051692,71.0542047],[53.9375394,71.0592657],[53.9375394,71.0592657],[53.9051692,71.0542047]],[[53.925977,68.4114825],[53.9303393,68.3913136],[53.9303393,68.3913136],[53.925977,68.4114825]],[[53.9353928,71.1278367],[53.9375394,71.130186],[54.0539749,71.1210837],[53.9375394,71.130186],[53.9353928,71.1278367]],[[53.935599,70.7950122],[54.0851409,70.7435018],[54.2615426,70.7299932],[54.2939429,70.7435018],[54.2828434,70.7524267],[54.2939429,70.7435018],[54.2615426,70.7299932],[54.0851409,70.7435018],[53.935599,70.7950122]],[[53.9915399,71.1605804],[53.99154,71.1605804],[54.2435424,71.1234317],[54.2435422,71.1234317],[53.9915399,71.1605804]],[[54.0563406,71.2095491],[54.1643416,71.2095491],[54.1643416,71.2095491],[54.0563406,71.2095491],[54.095941,71.1892862],[54.0959409,71.1892862],[54.0563406,71.2095491]],[[54.0887409,68.246096],[54.1859419,68.3203934],[54.1859419,68.3203934],[54.0887409,68.246096],[54.0887409,68.246096]],[[54.0970131,69.0001287],[54.103141,69.00089],[54.5279453,69.0093329],[54.5434055,69.0044986],[54.5279453,69.0093329],[54.103141,69.00089],[54.0970131,69.0001287]],[[54.1715417,68.2612932],[54.1876921,68.2805227],[54.1715417,68.2612932],[54.203942,68.2089473],[54.203942,68.2089473],[54.1715417,68.2612932]],[[54.1931419,68.813458],[54.193142,68.813458],[54.2291423,68.7965722],[54.3947438,68.7830636],[54.3947439,68.7830636],[54.2291423,68.7965722],[54.1931419,68.813458]],[[54.1939106,68.3195628],[54.2183422,68.3170162],[54.2183422,68.3170162],[54.1939106,68.3195628]],[[54.196742,68.2629818],[54.196742,68.2629818],[54.3263433,68.2629818],[54.3263433,68.2629818],[54.196742,68.2629818]],[[54.2502493,68.8161365],[54.2651427,68.8168351],[54.2651427,68.8168351],[54.2502493,68.8161365]],[[54.301143,68.3271477],[54.301143,68.3271477],[54.3299433,68.3119505],[54.3299433,68.3119505],[54.301143,68.3271477]],[[54.4857756,70.7637719],[54.4919449,70.7840276],[54.4919449,70.7840276],[54.4857756,70.7637719]],[[54.502745,68.3119505],[54.502745,68.3119505],[54.6899469,68.1751757],[54.7757961,68.1741433],[54.6899469,68.1751757],[54.502745,68.3119505]],[[54.5135451,70.8262421],[54.7115471,70.7570104],[54.7115471,70.7570104],[54.5135451,70.8262421],[54.5135451,70.8262421]],[[54.5429095,68.988297],[54.5603456,68.9992015],[54.5603456,68.9992015],[54.5429095,68.988297]],[[54.5711457,68.9637413],[54.6284074,69],[54.6284074,69],[54.6418521,69.0085134],[54.6284074,69],[54.5711458,68.9637413],[54.5711457,68.9637413]],[[54.6127988,70.6685866],[54.7691475,70.6472529],[54.7691477,70.6472529],[54.6127988,70.6685866]],[[54.6265066,68.9661757],[54.6863469,68.9688071],[54.6863469,68.9688071],[54.6265066,68.9661757]],[[54.6431464,69.0093329],[54.6431464,69.0093329],[54.6761953,69.0015822],[54.6431464,69.0093329]],[[54.6892355,68.9803237],[54.6935469,68.9975129],[54.6935469,68.9975129],[54.6892355,68.9803237]],[[54.7079471,70.7215503],[54.7098171,70.7399695],[54.7079471,70.7215503],[54.7512334,70.6921106],[54.7079471,70.7215503]],[[54.8495827,70.6594022],[54.9851499,70.6337443],[54.9965059,70.6285265],[54.9851499,70.6337443],[54.8495827,70.6594022]],[[54.8555486,68.3237705],[54.8939413,68.3273721],[54.8555486,68.3237705],[54.8555486,68.3237705]],[[54.9131491,68.9316584],[54.9131492,68.9316584],[55,68.9180794],[55.0211502,68.9147726],[55.0211502,68.9147726],[55,68.9180794],[55,68.9180794],[54.9131491,68.9316584]],[[54.9545567,68.4085001],[54.99595,68.4385938],[55,68.4398717],[55.3919539,68.5635485],[55.697957,68.5770571],[55.99676,68.6597974],[56.0769842,68.6439537],[55.99676,68.6597974],[55.697957,68.5770571],[55.3919539,68.5635485],[55,68.4398717],[54.99595,68.4385938],[54.9545567,68.4085001]],[[55.2263523,68.913084],[55.3703537,68.9485441],[55.5071551,68.913084],[55.507155,68.913084],[55.3703537,68.9485441],[55.2263524,68.913084],[55.2263523,68.913084]],[[55.2263523,71.928883],[55.2263523,71.928883],[55.5071551,71.8984886],[55.5071551,71.8984886],[55.2263523,71.928883]],[[55.2371524,70.65063],[55.2371524,70.65063],[55.2947529,70.606727],[55.2834441,70.6021394],[55.2947529,70.606727],[55.2371524,70.65063]],[[55.2428172,71.9494771],[55.2479525,71.9559003],[55.3277461,71.9484149],[55.2479525,71.9559003],[55.2428172,71.9494771]],[[55.3487535,70.7029759],[55.3487535,70.7029759],[55.4207542,70.6962216],[55.4517763,70.6702382],[55.4207542,70.6962216],[55.3487535,70.7029759]],[[55.3487535,71.9761632],[55.3736833,71.9959207],[55.3487535,71.9761632],[55.3487535,71.9761632]],[[55.3639534,71.9642807],[55.3919539,71.9423916],[55.3919538,71.9423916],[55.3639534,71.9642807]],[[55.4063541,70.6894673],[55.4063541,70.6894673],[55.4711547,70.6540072],[55.4711547,70.6540072],[55.4063541,70.6894673]],[[55.4063541,70.7502561],[55.4063541,70.7502561],[55.7483574,70.6472529],[55.7483575,70.6472529],[55.4063541,70.7502561]],[[55.600756,70.7215503],[55.7375574,70.7080417],[55.7915579,70.6337443],[55.7915579,70.6337443],[55.7375574,70.7080417],[55.6007562,70.7215503],[55.600756,70.7215503]],[[55.604356,70.6472529],[55.6043569,70.6472526],[55.6342964,70.6380369],[55.604356,70.6472529]],[[55.6329799,71.6594725],[55.6727567,71.6114305],[56.0147601,71.3868497],[56.104761,71.2585178],[56.7254133,71],[56.7254133,71],[56.9594889,70.9025014],[56.7254133,71],[56.104761,71.2585178],[56.0147601,71.3868497],[55.6727567,71.6114305],[55.6329799,71.6594725]],[[55.6397464,70.6370377],[55.697957,70.6202356],[55.7267572,70.6269899],[55.7267573,70.6269899],[55.697957,70.6202356],[55.6397464,70.6370377]],[[55.6943569,70.6979102],[55.6943569,70.6979102],[55.7156304,70.6779538],[55.6943569,70.6979102]],[[55.697957,70.6472529],[55.6979571,70.6472529],[55.7176772,70.6333784],[55.697957,70.6472529]],[[55.8095581,70.694533],[55.8095581,70.694533],[55.8527585,70.65063],[56.0471605,70.5847755],[56.0471605,70.5847755],[55.8527585,70.65063],[55.8095581,70.694533]],[[55.939193,70.6549076],[56.1299613,70.5965956],[56.1659617,70.594907],[56.1659617,70.594907],[56.1299613,70.5965956],[55.939193,70.6549076]],[[56.0399604,70.6472529],[56.0903609,70.6692044],[56.1925007,70.6416408],[56.0903609,70.6692044],[56.0399604,70.6472529],[56.0399604,70.6472529]],[[56.1133023,70.635786],[56.1587616,70.6286785],[56.1587616,70.6286785],[56.1133023,70.635786]],[[56.198362,70.7097302],[56.1983621,70.7097302],[56.302763,70.6810244],[56.302763,70.6810244],[56.198362,70.7097302]],[[56.2199622,70.6675158],[56.2343874,70.6698692],[56.2199622,70.6675158],[56.2199622,70.6675158]],[[56.2235622,70.7418132],[56.2235622,70.7418132],[56.3207632,70.7029759],[56.3207631,70.7029759],[56.2235622,70.7418132]],[[56.2379624,70.6523186],[56.2760577,70.6569512],[56.2379624,70.6523186],[56.2379624,70.6523186]],[[56.2540113,70.7371441],[56.4107641,70.7131074],[56.4590788,70.7270531],[56.4107641,70.7131074],[56.2540113,70.7371441]],[[56.399964,70.5645126],[56.3999641,70.5645126],[56.5151652,70.5442497],[56.5604836,70.5589656],[56.5151652,70.5442497],[56.399964,70.5645126]],[[56.422589,70.5976329],[56.5331653,70.5965956],[56.5619656,70.5797098],[56.5619656,70.5797098],[56.5331653,70.5965956],[56.422589,70.5976329]],[[56.4539645,70.6269899],[56.4539646,70.6269899],[56.6555666,70.5898412],[56.6555665,70.5898412],[56.4539645,70.6269899]],[[56.475466,70.5731845],[56.500765,70.5577583],[56.500765,70.5577583],[56.475466,70.5731845]],[[56.492377,70.6341968],[56.5259652,70.6404986],[56.5259653,70.6404986],[56.492377,70.6341968]],[[56.4935649,68.5855],[56.504365,68.6277145],[56.504365,68.6277145],[56.4935649,68.5855],[56.5278325,68.5994582],[56.4935649,68.5855]],[[56.4935649,70.694533],[56.5799658,70.738436],[56.5799658,70.738436],[56.493565,70.694533],[56.4935649,70.694533]],[[56.6362986,70.6383224],[56.6987668,70.6337443],[56.698767,70.6337443],[56.6362986,70.6383224]],[[56.7419674,70.7029759],[56.7419675,70.7029759],[56.822015,70.6630077],[56.7419674,70.7029759]],[[56.8102642,68.5845086],[56.8499685,68.5719914],[57,68.5572869],[57,68.5572869],[57.0911709,68.5483513],[57.3049982,68.5635475],[57.0911709,68.5483513],[57,68.5572869],[56.8499685,68.5719914],[56.8102642,68.5845086]],[[56.8427684,70.606727],[56.9863282,70.581033],[56.8427685,70.606727],[56.8427684,70.606727]],[[56.8895602,70.5856575],[56.9327693,70.5662012],[56.9327693,70.5662012],[56.8895602,70.5856575]],[[56.896769,70.5577583],[56.896769,70.5577583],[56.9240223,70.5364532],[56.896769,70.5577583]],[[56.9087346,70.6456941],[57,70.6431153],[57,70.6431153],[57.1151114,70.6398628],[57,70.6431153],[56.9087346,70.6456941]],[[56.9771076,70.5214909],[57,70.5162672],[57.0112595,70.5136979],[57,70.5162672],[57,70.5162672],[56.9771076,70.5214909]],[[57.0371704,70.5442497],[57.1928682,70.5131734],[57.0371706,70.5442496],[57.0371704,70.5442497]],[[57.1008392,70.5952415],[57.296373,70.5645126],[57.3431734,70.5712669],[57.2731271,70.596063],[57.3431734,70.5712669],[57.296373,70.5645126],[57.1008392,70.5952415]],[[57.1204692,70.4981423],[57.1379714,70.4969695],[57.1379714,70.4969695],[57.1204692,70.4981423]],[[57.179184,70.5437287],[57.1919719,70.5408725],[57.1977755,70.528623],[57.1919719,70.5408725],[57.179184,70.5437287]],[[57.3287733,68.5652371],[57.3340112,68.5671821],[57.3287733,68.5652371],[57.3287733,68.5652371]],[[57.397174,70.6269899],[57.3971741,70.6269899],[57.4511745,70.606727],[57.4511744,70.606727],[57.397174,70.6269899]],[[57.4151742,68.5973201],[57.4525907,68.6263451],[57.4151742,68.5973201],[57.4151742,68.5973201]],[[57.4331743,70.7435018],[57.6383763,70.7299932],[57.6383763,70.7299932],[57.6383764,70.7299932],[57.4331744,70.7435018],[57.4331743,70.7435018]],[[57.602376,68.7425377],[57.602376,68.7425377],[57.8359505,68.7485573],[57.602376,68.7425377]],[[57.9363213,68.7562925],[57.9803798,68.793195],[57.9803798,68.793195],[57.9363213,68.7562925]],[[57.9551796,68.8455409],[58.1711817,68.8894439],[58.2027237,68.8887394],[58.1711817,68.8894439],[57.9551796,68.8455409],[57.9723512,68.809872],[57.9551796,68.8455409]],[[58.203582,68.8320323],[58.2467825,68.8877554],[58.2467825,68.8877554],[58.203582,68.8320323],[58.2647826,68.781375],[58.2647826,68.781375],[58.203582,68.8320323]],[[58.2751504,68.7790219],[58.3763838,68.7560463],[58.3763837,68.7560463],[58.2751504,68.7790219]],[[58.2758011,68.8137363],[58.2863829,68.7999493],[58.2863829,68.7999493],[58.2758011,68.8137363]],[[58.3367834,68.7357834],[58.3367834,68.7357834],[58.4231842,68.7425377],[58.4231842,68.7425377],[58.3367834,68.7357834]],[[58.4123841,70.2605687],[58.4123842,70.2605687],[58.502385,70.2301743],[58.502385,70.2301743],[58.4123841,70.2605687]],[[58.427924,68.7492073],[58.4375844,68.7628006],[58.4375844,68.7628006],[58.427924,68.7492073]],[[58.4519845,70.1947142],[58.4519846,70.1947142],[58.5136023,70.1887857],[58.4519845,70.1947142]],[[58.495185,70.3314889],[58.6391864,70.3314889],[58.6733531,70.3457976],[58.6391864,70.3314889],[58.4951851,70.3314889],[58.495185,70.3314889]],[[58.5285384,70.3250272],[58.6607866,70.299406],[58.8227882,70.2166657],[58.8227882,70.2166657],[58.6607866,70.299406],[58.5285384,70.3250272]],[[58.5491855,70.1339254],[58.5491855,70.1339254],[58.603186,70.1136625],[58.603186,70.1136625],[58.5491855,70.1339254]],[[58.5707857,70.0782023],[58.5775979,70.0856579],[58.5707857,70.0782023],[58.5707857,70.0782023]],[[58.5779858,70.1541883],[58.5920995,70.1806682],[58.5779858,70.1541883],[58.6103861,70.1406797],[58.6103861,70.1406797],[58.5779858,70.1541883],[58.5779858,70.1541883]],[[58.614487,70.0518479],[58.696787,70.0022164],[58.8730101,69.9242035],[58.696787,70.0022164],[58.614487,70.0518479]],[[58.741321,70.3843368],[58.7471875,70.431115],[58.7471875,70.431115],[58.741321,70.3843368]],[[58.7615876,69.3386055],[58.7615877,69.3386055],[59,69.2618093],[59.0603906,69.2423566],[59.1719917,69.1697478],[59.2439924,69.1461077],[59.2403924,69.1781906],[59.1503915,69.2541766],[59.07574,69.2703872],[59.1503915,69.2541766],[59.2403924,69.1781906],[59.2439924,69.1461077],[59.1719917,69.1697478],[59.0603906,69.2423566],[59,69.2618093],[58.7615876,69.3386055]],[[58.8715136,69.001099],[58.8803888,69.0025786],[58.954201,69.0018497],[58.8803888,69.0025786],[58.8715136,69.001099]],[[58.8911889,68.9350355],[58.891189,68.9350355],[59,68.9188737],[59.0326372,68.9140261],[59,68.9188737],[58.8911889,68.9350355]],[[58.9175425,70.4612087],[59,70.4757751],[59.0243902,70.4800837],[59.5319953,70.2656344],[59.5535955,70.1997799],[59.5535955,70.1997799],[59.5319953,70.2656344],[59.0243902,70.4800837],[59,70.4757751],[58.9175425,70.4612087]],[[58.9379894,69.9414276],[58.9715697,69.9378635],[58.9379895,69.9414276],[58.9379894,69.9414276]],[[59.0080524,69.8644211],[59.0171902,69.8603759],[59.1323913,69.8738845],[59.1323913,69.8738845],[59.0171902,69.8603759],[59.0080524,69.8644211]],[[59.0567906,68.6192716],[59.1560483,68.6786308],[59.0567906,68.6192716],[59.0567906,68.6192716]],[[59.0662675,68.9689545],[59.222392,68.9992015],[59.2223922,68.9992015],[59.0662675,68.9689545]],[[59.0711907,68.4588567],[59.0711907,68.4588567],[59.0758561,68.4451801],[59.0711907,68.4588567]],[[59.0882056,68.4852546],[59.1179912,68.5314656],[59.1179912,68.5314656],[59.0882056,68.4852546]],[[59.1402128,69.0000129],[59.1415238,69],[59.1415238,69],[59.1416231,68.999999],[59.1415238,69],[59.1415238,69],[59.1402128,69.0000129]],[[59.2304468,69.9103878],[59.4311943,69.8890817],[59.519608,69.8499591],[59.4311943,69.8890817],[59.2304468,69.9103878]],[[59.2630933,68.7037951],[59.398794,68.7003233],[59.398794,68.7003233],[59.2630933,68.7037951]],[[59.3368755,68.7976688],[59.4239942,68.7577349],[59.4003489,68.7038656],[59.4239942,68.7577349],[59.3368755,68.7976688]],[[59.5463955,69.7793242],[59.5463955,69.7793242],[59.5554169,69.7471649],[59.5463955,69.7793242]],[[59.6107871,69.8008974],[59.6219962,69.8046528],[59.6219962,69.8046528],[59.6107871,69.8008974]],[[59.6774934,69.7007374],[59.9351993,69.6678781],[59.9351994,69.6678781],[59.6774934,69.7007374]],[[59.775774,70.1499806],[59.7839978,70.1322368],[59.8140106,70.1251981],[59.7839978,70.1322368],[59.775774,70.1499806]],[[59.791555,68.6216961],[59.9279993,68.5382199],[59.9425332,68.5089065],[59.9279993,68.5382199],[59.791555,68.6216961]],[[59.7990408,68.6751367],[59.8127981,68.6885032],[59.9099991,68.7205862],[59.9333482,68.716023],[59.9099991,68.7205862],[59.8127981,68.6885032],[59.7990408,68.6751367]],[[59.8559986,68.3811822],[59.9639996,68.465611],[59.9639996,68.465611],[59.8559986,68.3811822],[59.8559986,68.3811822]],[[59.9207992,69.688141],[59.9526874,69.7004967],[59.9207992,69.688141],[59.9207992,69.688141]],[[59.965124,68.9680092],[59.9707325,68.9785797],[59.9927376,68.9694395],[59.965124,68.9680092]],[[60.1377674,69.7040418],[60.2556026,69.6898296],[60.3744037,69.7303554],[60.3744037,69.7303554],[60.2556026,69.6898296],[60.1377674,69.7040418]],[[60.1404014,69.5783835],[60.1404014,69.5783835],[60.2160022,69.5547434],[60.2936063,69.4721438],[60.2160022,69.5547434],[60.1404014,69.5783835]],[[60.1512015,69.6256636],[60.1512015,69.6256636],[60.189036,69.6434097],[60.1512015,69.6256636]],[[60.4140041,69.9633791],[60.4140041,69.9633791],[60.4752048,69.9211646],[60.4752047,69.9211646],[60.4140041,69.9633791]],[[60.4500045,69.7658155],[60.4500045,69.7658155],[60.4596704,69.748976],[60.4500045,69.7658155]],[[60.4608046,69.8654416],[60.4627901,69.8731247],[60.4608046,69.8654416],[60.4608046,69.8654416]],[[60.4628557,69.8642172],[60.5400054,69.8181614],[60.5400054,69.8181614],[60.4628557,69.8642172]],[[60.5328808,68.7480231],[60.702007,68.8151465],[60.763055,68.8572031],[60.702007,68.8151465],[60.5328808,68.7480231]],[[60.5904059,69.1325991],[60.5904059,69.1325991],[60.6680327,69.1149455],[60.5904059,69.1325991]],[[60.6410304,69.7072981],[60.6552066,69.6729438],[60.6552065,69.6729438],[60.6410304,69.7072981]],[[60.6985974,69.8106238],[60.7056071,69.8232272],[60.7056071,69.8232272],[60.6985974,69.8106238]],[[60.6988409,69.7669953],[60.7200072,69.7421755],[60.7200072,69.7421755],[60.6988409,69.7669953]],[[60.7200072,69.1748135],[60.7776078,69.1765021],[60.8772573,69.1337683],[60.7776078,69.1765021],[60.7200072,69.1748135],[60.7200072,69.1748135]],[[60.7220921,69.169435],[60.7416074,69.1190904],[60.7416074,69.1190904],[60.7220921,69.169435]],[[60.9072091,68.9265926],[60.9235382,68.962103],[60.9072091,68.9265926],[60.9072091,68.9265926]],[[60.9229249,69.0733925],[60.9468095,69.0127101],[60.9450582,69.0089017],[60.9468095,69.0127101],[60.9229249,69.0733925]],[[60.9444657,68.9044579],[60.9684097,68.9063297],[60.9679304,68.9064884],[60.9684097,68.9063297],[60.9684097,68.9063297],[60.9444657,68.9044579]],[[60.9966169,69.8539358],[61,69.8533107],[61.0028506,69.852784],[61,69.8533107],[60.9966169,69.8539358]],[[61.0941025,69.8617636],[61.1052111,69.8654416],[61.1052111,69.8654416],[61.0941025,69.8617636]],[[62.8549649,69.7218063],[63,69.7085786],[63,69.7085786],[62.8549649,69.7218063]]]}}
